species_id,bwg_name,domain,kingdom,phylum,subphylum,class,subclass,ord,subord,family,subfamily,tribe,genus,species,subspecies,functional_group,predation,realm,micro_macro,barcode,taxon_level,taxon_name,taxon_number,AS1,AS2,AS3,AS4,BS1,BS2,BS3,BS4,BS5,DM1,DM2,FD1,FD2,FD3,FD4,FD5,FD6,FD7,FD8,FG1,FG2,FG3,FG4,FG5,FG6,RE1,RE2,RE3,RE4,RE5,RE6,RE7,RE8,RF1,RF2,RF3,RF4,LO1,LO2,LO3,LO4,LO5,LO6,LO7,RM1,RM2,RM3,RM4,RM5,MD1,MD2,MD3,MD4,MD5,MD6,MD7,MD8,CP1,CP2,CP3,BF1,BF2,BF3,BF4
6031,Coleoptera.33,Eukaryota,Animalia,Arthropoda,NA,Insecta,Neoptera,Coleoptera,Polyphaga,Scirtidae,NA,NA,NA,NA,NA,scraper,prey,aquatic,macro,NA,family,Scirtidae,9,3,3,0,0,0,0,2,3,0,0,3,3,3,3,0,0,0,0,0,0,2,3,0,0,0,0,0,0,3,1,0,3,0,0,0,0,3,1,0,0,3,0,1,0,1,0,3,3,0,0,0,3,0,0,3,0,0,0,1,3,0,3,0,0
5761,Diptera.276,Eukaryota,Animalia,Arthropoda,NA,Insecta,Neoptera,Diptera,Nematocera,Tipulidae,NA,NA,NA,NA,NA,shredder,prey,aquatic,macro,NA,family,Tipulidae,9,3,3,1,0,0,0,0,3,1,0,3,1,1,3,0,1,0,0,1,1,3,0,0,0,1,0,0,0,3,3,0,0,0,0,0,0,3,0,0,0,1,3,0,0,1,3,0,3,0,3,0,0,0,0,0,0,0,0,3,0,0,0,3,0
3841,Diptera.61,Eukaryota,Animalia,Arthropoda,NA,Insecta,Neoptera,Diptera,Nematocera,Chironomidae,NA,NA,NA,NA,NA,gatherer,prey,aquatic,macro,NA,family,Chironomidae,9,3,3,3,0,0,1,2,1,0,3,1,2,2,1,3,1,1,1,1,1,1,1,2,1,1,0,1,0,2,2,1,0,1,1,0,1,2,0,0,1,3,1,1,2,3,1,0,0,0,1,1,1,0,0,0,0,2,3,1,0,0,0,3,0
5636,Diptera.250,Eukaryota,Animalia,Arthropoda,NA,Insecta,Neoptera,Diptera,Brachycera,Tabanidae,NA,NA,NA,NA,NA,piercer,predator,aquatic,macro,NA,family,Tabanidae,9,3,3,3,0,0,0,0,1,3,0,3,0,1,1,0,0,0,0,3,1,0,0,0,3,0,0,0,0,3,0,0,2,0,0,0,1,3,0,1,0,3,1,0,0,0,0,0,3,0,3,0,0,0,0,0,0,0,0,3,2,0,0,3,0
4501,Diptera.100,Eukaryota,Animalia,Arthropoda,NA,Insecta,Neoptera,Diptera,Nematocera,Culicidae,Culicinae,NA,Culex,NA,NA,filter.feeder,prey,aquatic,macro,NA,genus,Culex,12,2,3,3,0,0,3,1,0,0,1,3,3,2,0,3,0,0,0,0,2,0,0,3,0,0,0,0,0,1,3,1,1,0,0,0,3,0,0,2,3,0,0,0,0,0,0,0,3,0,0,0,3,0,0,0,0,0,3,0,0,0,0,3,0
5271,Diptera.195,Eukaryota,Animalia,Arthropoda,NA,Insecta,Neoptera,Diptera,Nematocera,Psychodidae,Psychodinae,NA,Pericoma,NA,NA,gatherer,prey,aquatic,macro,NA,genus,Pericoma,12,3,3,3,0,0,0,3,0,0,1,3,1,3,2,2,1,1,0,0,3,0,0,0,0,0,0,2,0,0,2,0,0,0,0,0,2,2,0,1,0,2,3,0,0,0,0,0,3,0,0,0,3,0,2,0,0,0,3,0,0,0,0,3,0
5771,Diptera.277,Eukaryota,Animalia,Arthropoda,NA,Insecta,Neoptera,Diptera,Nematocera,Tipulidae,NA,NA,NA,NA,NA,shredder,prey,aquatic,macro,NA,family,Tipulidae,9,3,3,1,0,0,0,0,3,1,0,3,1,1,3,0,1,0,0,1,1,3,0,0,0,1,0,0,0,3,3,0,0,0,0,0,0,3,0,0,0,1,3,0,0,1,3,0,3,0,3,0,0,0,0,0,0,0,0,3,0,0,0,3,0
5631,Diptera.249,Eukaryota,Animalia,Arthropoda,NA,Insecta,Neoptera,Diptera,Brachycera,Stratiomyidae,Hermetiinae,NA,Hermetia,NA,NA,gatherer,prey,aquatic,macro,NA,genus,Hermetia,12,0,3,2,0,0,0,3,0,0,0,3,0,3,3,3,0,0,0,0,2,0,0,2,0,0,2,0,0,0,0,3,0,0,0,0,0,3,0,3,0,0,0,0,0,0,0,0,3,0,0,0,1,0,2,0,0,0,3,1,0,0,0,3,0
5016,Coleoptera.17,Eukaryota,Animalia,Arthropoda,NA,Insecta,Neoptera,Coleoptera,Polyphaga,Hydrophilidae,NA,NA,NA,NA,NA,engulfer,predator,aquatic,macro,NA,family,Hydrophilidae,9,3,3,2,2,0,1,1,3,0,0,3,0,0,2,3,2,1,3,1,0,1,0,0,1,3,0,0,0,3,1,0,1,0,0,0,0,3,1,0,3,3,2,0,0,1,1,1,3,0,0,0,0,0,0,3,0,0,0,3,2,0,3,0,0
5516,Diptera.146,Eukaryota,Animalia,Arthropoda,NA,Insecta,Neoptera,Diptera,Brachycera,Syrphidae,Eristalinae,NA,Eristalis,NA,NA,gatherer,prey,aquatic,macro,NA,genus,Eristalis,12,1,3,2,0,0,0,0,0,3,0,3,3,2,2,2,0,2,0,0,2,1,0,3,0,0,0,0,0,3,0,0,0,0,0,0,1,2,0,1,0,3,1,0,0,0,0,0,3,0,3,0,0,0,0,0,0,0,2,3,0,0,0,1,2
5551,Coleoptera.3,Eukaryota,Animalia,Arthropoda,NA,Insecta,Neoptera,Coleoptera,NA,NA,NA,NA,NA,NA,NA,engulfer,predator,aquatic,macro,NA,ord,Coleoptera,7,3,3,1,2,1,1,1,1,0,1,3,1,1,1,1,1,1,2,1,0,1,1,0,1,2,0,1,1,2,1,1,1,0,1,1,1,2,1,1,2,2,1,1,0,1,1,1,3,1,0,0,1,1,1,3,0,0,0,2,2,0,1,2,1
6526,Hirudinea.7,Eukaryota,Animalia,Annelida,NA,Clitellata,Hirudinea,NA,NA,NA,NA,NA,NA,NA,NA,engulfer,predator,aquatic,macro,NA,subclass,Hirudinea,6,3,3,0,3,0,0,0,0,3,2,1,0,0,0,0,0,0,0,3,0,0,0,0,0,3,0,0,0,3,0,0,0,0,0,3,0,0,0,0,3,3,0,0,0,3,0,0,0,0,3,0,0,0,0,0,0,0,0,3,0,2,2,0,0
6546,Trichoptera.2,Eukaryota,Animalia,Arthropoda,NA,Insecta,Neoptera,Trichoptera,NA,NA,NA,NA,NA,NA,NA,shredder,prey,NA,macro,NA,ord,Trichoptera,7,1,3,3,0,0,0,3,0,0,0,3,0,0,3,0,0,0,0,0,0,3,0,0,0,0,0,0,0,3,0,0,0,0,0,0,3,0,0,0,0,3,0,0,3,0,3,0,0,0,0,0,3,1,3,0,0,3,0,0,3,0,0,3,0
6356,Coleoptera.34,Eukaryota,Animalia,Arthropoda,NA,Insecta,Neoptera,Coleoptera,Polyphaga,Scirtidae,NA,NA,NA,NA,NA,scraper,prey,aquatic,macro,NA,family,Scirtidae,9,3,3,0,0,0,0,2,3,0,0,3,3,3,3,0,0,0,0,0,0,2,3,0,0,0,0,0,0,3,1,0,3,0,0,0,0,3,1,0,0,3,0,1,0,1,0,3,3,0,0,0,3,0,0,3,0,0,0,1,3,0,3,0,0
6411,Coleoptera.35,Eukaryota,Animalia,Arthropoda,NA,Insecta,Neoptera,Coleoptera,Polyphaga,Scirtidae,NA,NA,NA,NA,NA,scraper,prey,aquatic,macro,NA,family,Scirtidae,9,3,3,0,0,0,0,2,3,0,0,3,3,3,3,0,0,0,0,0,0,2,3,0,0,0,0,0,0,3,1,0,3,0,0,0,0,3,1,0,0,3,0,1,0,1,0,3,3,0,0,0,3,0,0,3,0,0,0,1,3,0,3,0,0
5056,Diptera.130,Eukaryota,Animalia,Arthropoda,NA,Insecta,Neoptera,Diptera,Brachycera,Empididae,NA,NA,NA,NA,NA,piercer,predator,aquatic,macro,NA,family,Empididae,9,0,3,3,0,0,0,3,0,0,0,3,0,0,0,0,0,3,3,2,0,0,0,0,3,2,2,0,0,3,0,0,3,0,0,0,0,3,0,0,0,1,3,0,0,0,3,0,3,0,3,0,0,0,0,0,0,0,3,0,0,0,0,3,0
5111,Diptera.137,Eukaryota,Animalia,Arthropoda,NA,Insecta,Neoptera,Diptera,Brachycera,Ephydridae,NA,NA,NA,NA,NA,gatherer,prey,aquatic,macro,NA,family,Ephydridae,9,2,2,2,0,0,3,0,0,0,0,3,2,3,3,3,3,1,1,0,1,3,0,3,2,0,2,3,0,0,0,0,0,0,0,0,3,0,0,0,0,1,3,0,0,0,0,0,3,0,0,2,2,1,0,0,0,0,3,0,0,0,0,3,0
3991,Diptera.175,Eukaryota,Animalia,Arthropoda,NA,Insecta,Neoptera,Diptera,Nematocera,Chironomidae,Tanypodinae,NA,Monopelopia,NA,NA,piercer,predator,aquatic,macro,NA,genus,Monopelopia,12,3,3,3,0,0,0,3,0,0,3,1,1,1,0,1,0,0,1,3,1,0,0,0,3,3,0,0,0,3,1,1,0,0,1,0,1,2,0,0,2,3,0,0,0,3,1,0,0,0,3,0,0,0,0,0,0,0,3,1,0,0,0,3,0
4001,Diptera.191,Eukaryota,Animalia,Arthropoda,NA,Insecta,Neoptera,Diptera,Nematocera,Chironomidae,Orthocladiinae,NA,NA,NA,NA,gatherer,prey,aquatic,macro,NA,subfamily,Orthocladiinae,10,3,3,3,0,0,1,3,0,0,3,1,3,3,1,3,0,0,0,0,2,2,2,2,0,0,0,0,0,2,2,0,0,1,1,0,1,2,0,0,0,3,1,1,1,3,1,0,0,0,2,0,1,0,0,0,0,1,3,1,0,0,0,3,0
3621,Diptera.20,Eukaryota,Animalia,Arthropoda,NA,Insecta,Neoptera,Diptera,Nematocera,Ceratopogonidae,Ceratopogoninae,NA,Bezzia,NA,NA,piercer,predator,aquatic,macro,NA,genus,Bezzia,12,3,3,3,0,0,1,3,0,0,0,3,0,0,0,0,0,0,0,3,0,0,0,0,0,3,0,0,0,2,2,0,0,0,0,0,2,2,0,0,3,2,3,0,0,3,3,0,0,0,3,0,0,0,0,0,0,0,3,1,0,0,0,3,0
4006,Diptera.206,Eukaryota,Animalia,Arthropoda,NA,Insecta,Neoptera,Diptera,Nematocera,Chironomidae,Chironominae,NA,Polypedilum,marcondesi,NA,gatherer,prey,aquatic,macro,NA,species_name,Polypedilum_marcondesi,13,3,3,3,0,0,0,3,0,0,3,1,3,3,1,3,1,0,0,0,1,0,1,3,0,0,0,0,0,1,3,1,0,0,1,0,1,2,0,0,0,3,1,1,3,3,1,0,0,0,0,0,0,0,0,0,0,3,3,1,0,0,0,3,0
4011,Diptera.207,Eukaryota,Animalia,Arthropoda,NA,Insecta,Neoptera,Diptera,Nematocera,Chironomidae,Chironominae,NA,Polypedilum,kaingang,NA,gatherer,prey,aquatic,macro,NA,species_name,Polypedilum_kaingang,13,3,3,3,0,0,0,3,0,0,3,1,3,3,1,3,1,0,0,0,1,0,1,3,0,0,0,0,0,1,3,1,0,0,1,0,1,2,0,0,0,3,1,1,3,3,1,0,0,0,0,0,0,0,0,0,0,3,3,1,0,0,0,3,0
5436,Diptera.232,Eukaryota,Animalia,Arthropoda,NA,Insecta,Neoptera,Diptera,Nematocera,Sciaridae,NA,NA,NA,NA,NA,gatherer,prey,aquatic,macro,NA,family,Sciaridae,9,2,3,2,0,0,0,3,0,0,1,3,0,0,3,0,0,0,0,0,1,1,1,0,0,0,0,0,0,0,3,0,0,0,0,0,0,3,0,0,0,2,2,0,0,0,0,0,3,0,3,0,0,0,0,0,0,0,3,0,0,0,0,3,0
4016,Diptera.236,Eukaryota,Animalia,Arthropoda,NA,Insecta,Neoptera,Diptera,Nematocera,Chironomidae,Chironominae,NA,Stenochironomus,atlanticus,NA,gatherer,prey,aquatic,macro,NA,species_name,Stenochironomus_atlanticus,13,3,3,3,0,0,0,3,0,0,3,1,0,0,3,0,3,0,0,0,0,0,3,0,0,0,0,0,0,2,2,0,0,0,1,0,1,2,0,0,0,0,0,3,0,3,1,0,0,0,3,0,0,0,0,0,0,0,3,1,0,0,0,3,0
4026,Diptera.263,Eukaryota,Animalia,Arthropoda,NA,Insecta,Neoptera,Diptera,Nematocera,Chironomidae,Chironominae,NA,Tanytarsus,NA,NA,gatherer,prey,aquatic,macro,NA,genus,Tanytarsus,12,3,3,3,0,0,0,3,0,0,3,1,3,3,1,3,0,1,0,0,1,0,1,3,0,0,0,1,0,3,0,0,0,1,1,0,1,2,0,0,0,3,2,0,3,3,1,0,0,0,0,0,0,0,0,0,0,3,3,1,0,0,0,3,0
5906,Diptera.293,Eukaryota,Animalia,Arthropoda,NA,Insecta,Neoptera,Diptera,Nematocera,Limoniidae,Limoniinae,NA,Trentepohlia,NA,NA,shredder,prey,aquatic,macro,NA,genus,Trentepohlia,12,3,3,1,0,0,0,0,3,1,0,3,0,0,3,0,1,0,0,0,0,3,0,0,0,0,0,0,0,3,3,0,0,0,0,0,0,3,0,0,0,1,3,0,0,1,3,0,3,0,3,0,0,0,0,0,0,0,0,3,0,0,0,3,0
3811,Diptera.503,Eukaryota,Animalia,Arthropoda,NA,Insecta,Neoptera,Diptera,Nematocera,Chironomidae,Orthocladiinae,NA,Corynoneura,NA,NA,gatherer,prey,aquatic,macro,NA,genus,Corynoneura,12,3,3,3,0,0,3,0,0,0,3,1,3,3,1,3,0,0,0,0,2,2,2,2,0,0,0,0,0,2,2,0,0,1,1,0,1,2,0,0,0,3,1,1,1,3,1,0,0,0,2,0,0,0,0,0,0,1,3,1,0,0,0,3,0
3831,Diptera.505,Eukaryota,Animalia,Arthropoda,NA,Insecta,Neoptera,Diptera,Nematocera,Chironomidae,Chironominae,NA,Polypedilum,NA,NA,gatherer,prey,aquatic,macro,NA,genus,Polypedilum,12,3,3,3,0,0,0,3,1,0,3,1,3,3,1,3,1,0,0,0,1,0,1,3,0,0,0,0,0,1,3,1,0,0,1,0,1,2,0,0,0,3,1,1,3,3,1,0,0,0,0,0,0,0,0,0,0,3,3,1,0,0,0,3,0
4331,Diptera.508,Eukaryota,Animalia,Arthropoda,NA,Insecta,Neoptera,Diptera,Nematocera,Corethrellidae,Corethrellinae,NA,Corethrella,NA,NA,engulfer,predator,aquatic,macro,NA,genus,Corethrella,12,3,3,3,0,0,3,0,0,0,0,3,0,0,0,0,0,0,0,3,0,0,0,0,0,3,0,3,0,0,0,0,0,0,3,0,0,0,0,1,3,0,0,0,0,0,0,0,3,0,0,0,3,0,0,0,0,0,3,0,0,0,0,3,0
6606,Diptera.511,Eukaryota,Animalia,Arthropoda,NA,Insecta,Neoptera,Diptera,Nematocera,Ceratopogonidae,Forcipomyiinae,NA,Atrichopogon,NA,NA,gatherer,prey,aquatic,macro,NA,genus,Atrichopogon,12,3,3,3,0,0,0,3,0,0,0,3,3,1,0,3,0,0,0,0,3,0,1,0,0,0,0,0,1,3,0,0,0,0,1,0,1,2,0,0,3,2,1,0,0,3,3,0,0,0,0,3,2,0,0,0,0,0,3,1,0,0,0,3,0
6621,Diptera.513,Eukaryota,Animalia,Arthropoda,NA,Insecta,Neoptera,Diptera,Nematocera,Ceratopogonidae,Forcipomyiinae,NA,Atrichopogon,NA,NA,gatherer,prey,aquatic,macro,NA,genus,Atrichopogon,12,3,3,3,0,0,0,3,0,0,0,3,3,1,0,3,0,0,0,0,3,0,1,0,0,0,0,0,1,3,0,0,0,0,1,0,1,2,0,0,3,2,1,0,0,3,3,0,0,0,0,3,2,0,0,0,0,0,3,1,0,0,0,3,0
6631,Diptera.515,Eukaryota,Animalia,Arthropoda,NA,Insecta,Neoptera,Diptera,Nematocera,Ceratopogonidae,Forcipomyiinae,NA,Atrichopogon,NA,NA,gatherer,prey,aquatic,macro,NA,genus,Atrichopogon,12,3,3,3,0,0,0,3,0,0,0,3,3,1,0,3,0,0,0,0,3,0,1,0,0,0,0,0,1,3,0,0,0,0,1,0,1,2,0,0,3,2,1,0,0,3,3,0,0,0,0,3,2,0,0,0,0,0,3,1,0,0,0,3,0
4436,Diptera.517,Eukaryota,Animalia,Arthropoda,NA,Insecta,Neoptera,Diptera,Nematocera,Culicidae,Culicinae,NA,Culex,(Microculex) imitator,NA,filter.feeder,prey,aquatic,macro,NA,species_name,Culex_imitator,13,2,3,3,0,0,3,0,0,0,1,3,3,2,0,3,0,0,0,0,2,0,0,3,0,0,0,0,0,1,3,1,1,0,0,0,3,0,0,2,3,0,0,0,0,0,0,0,3,0,0,0,3,0,0,0,0,0,3,0,0,0,0,3,0
3461,Diptera.522,Eukaryota,Animalia,Arthropoda,NA,Insecta,Neoptera,Diptera,Nematocera,Cecidomyiidae,NA,NA,NA,NA,NA,piercer,prey,NA,macro,NA,family,Cecidomyiidae,9,1,3,1,0,0,3,0,0,0,1,3,0,0,0,0,3,0,0,0,0,0,0,0,3,0,0,0,0,1,0,0,1,0,0,0,0,3,0,0,0,3,2,0,0,1,0,0,3,0,3,0,0,0,0,0,0,0,3,0,0,0,0,0,3
3466,Diptera.523,Eukaryota,Animalia,Arthropoda,NA,Insecta,Neoptera,Diptera,Nematocera,Cecidomyiidae,NA,NA,NA,NA,NA,piercer,prey,NA,macro,NA,family,Cecidomyiidae,9,1,3,1,0,0,3,0,0,0,1,3,0,0,0,0,3,0,0,0,0,0,0,0,3,0,0,0,0,1,0,0,1,0,0,0,0,3,0,0,0,3,2,0,0,1,0,0,3,0,3,0,0,0,0,0,0,0,3,0,0,0,0,0,3
5466,Diptera.524,Eukaryota,Animalia,Arthropoda,NA,Insecta,Neoptera,Diptera,Brachycera,Stratiomyidae,NA,NA,NA,NA,NA,gatherer,prey,aquatic,macro,NA,family,Stratiomyidae,9,0,3,2,0,0,0,3,0,0,0,3,0,3,3,3,0,0,0,0,2,0,0,2,0,0,2,0,0,0,0,3,0,0,0,0,0,3,0,3,0,0,0,0,0,0,0,0,3,0,0,0,1,0,2,0,0,0,3,1,0,0,0,3,0
4481,Diptera.530,Eukaryota,Animalia,Arthropoda,NA,Insecta,Neoptera,Diptera,Nematocera,Culicidae,Culicinae,NA,Wyeomyia,palmata,NA,filter.feeder,prey,aquatic,macro,NA,species_name,Wyeomyia_palmata,13,2,3,3,0,0,3,0,0,0,1,3,3,2,0,3,0,0,0,0,2,0,0,3,0,0,0,3,1,0,0,0,0,0,0,0,3,0,0,1,3,0,0,0,0,0,0,0,3,0,0,0,3,0,0,0,0,0,3,0,0,0,0,3,0
4051,Diptera.80,Eukaryota,Animalia,Arthropoda,NA,Insecta,Neoptera,Diptera,Nematocera,Chironomidae,Chironominae,NA,Chironomus,NA,NA,gatherer,prey,aquatic,macro,NA,genus,Chironomus,12,3,3,3,0,0,0,0,3,0,3,1,2,3,1,3,0,0,0,0,1,0,1,3,0,0,0,0,0,2,2,0,0,0,1,0,1,2,0,0,0,3,1,0,3,3,3,0,0,0,0,3,0,0,0,0,0,3,3,1,0,0,0,3,0
4376,Diptera.88,Eukaryota,Animalia,Arthropoda,NA,Insecta,Neoptera,Diptera,Nematocera,Corethrellidae,Corethrellinae,NA,Corethrella,NA,NA,engulfer,predator,aquatic,macro,NA,genus,Corethrella,12,3,3,3,0,0,3,0,0,0,0,3,0,0,0,0,0,0,0,3,0,0,0,0,0,3,0,3,0,0,0,0,0,0,3,0,0,0,0,1,3,0,0,0,0,0,0,0,3,0,0,0,3,0,0,0,0,0,3,0,0,0,0,3,0
6071,Haplotaxida.1,Eukaryota,Animalia,Annelida,NA,Clitellata,Oligochaeta,Haplotaxida,Tubificina,Naididae,NA,NA,NA,NA,NA,gatherer,prey,aquatic,macro,NA,family,Naididae,9,3,3,0,3,2,0,2,2,2,3,0,1,2,0,2,0,0,0,0,3,0,1,0,0,0,0,2,1,0,0,0,0,3,0,3,0,0,0,0,2,0,0,1,0,3,3,0,0,0,2,0,1,0,0,0,0,0,3,1,0,0,0,3,0
6171,Hirudinea.4,Eukaryota,Animalia,Annelida,NA,Clitellata,Hirudinea,NA,NA,NA,NA,NA,NA,NA,NA,engulfer,predator,aquatic,macro,NA,subclass,Hirudinea,6,3,3,0,3,0,0,0,0,3,2,1,0,0,0,0,0,0,0,3,0,0,0,0,0,3,0,0,0,3,0,0,0,0,0,3,0,0,0,0,3,3,0,0,0,3,0,0,0,0,3,0,0,0,0,0,0,0,0,3,0,2,2,0,0
6236,Nematoda.1,Eukaryota,Animalia,Nematoda,NA,NA,NA,NA,NA,NA,NA,NA,NA,NA,NA,NA,NA,aquatic,macro,NA,phylum,Nematoda,3,NA,NA,NA,NA,NA,NA,NA,NA,NA,NA,NA,NA,NA,NA,NA,NA,NA,NA,NA,NA,NA,NA,NA,NA,NA,NA,NA,NA,NA,NA,NA,NA,NA,NA,NA,NA,NA,NA,NA,NA,NA,NA,NA,NA,NA,NA,NA,NA,NA,3,0,0,0,0,0,0,0,NA,NA,NA,NA,NA,NA,NA
6261,Odonata.5,Eukaryota,Animalia,Arthropoda,NA,Insecta,Palaeoptera,Odonata,Zygoptera,Coenagrionidae,NA,NA,Leptagrion,andromache,NA,engulfer,predator,aquatic,macro,NA,species_name,Leptagrion_andromache,13,2,3,0,0,0,0,0,3,0,0,3,0,0,0,0,0,0,2,3,0,0,0,0,0,3,0,0,0,0,0,3,0,0,0,0,0,3,0,0,1,3,0,0,0,1,3,0,0,0,3,0,0,0,0,0,0,0,0,0,3,0,0,3,0
6536,Odonata.8,Eukaryota,Animalia,Arthropoda,NA,Insecta,Palaeoptera,Odonata,Zygoptera,Coenagrionidae,NA,NA,Leptagrion,macrurum,NA,engulfer,predator,aquatic,macro,NA,species_name,Leptagrion_macrurum,13,2,3,0,0,0,0,0,3,0,0,3,0,0,0,0,0,0,2,3,0,0,0,0,0,3,0,0,0,0,0,3,0,0,0,0,0,3,0,0,1,3,0,0,0,1,3,0,0,0,3,0,0,0,0,0,0,0,0,0,3,0,0,3,0
6386,Ostracoda.4,Eukaryota,Animalia,Arthropoda,Crustacea,Ostracoda,Podocopa,Podocopida,Cytherocopina,Limnocytheridae,Timiriaseviinae,NA,Elpidium,bromeliarum,NA,scraper,prey,aquatic,macro,NA,species_name,Elpidium_bromeliarum,13,3,3,0,3,3,0,0,0,0,3,0,0,3,3,0,1,3,1,0,3,1,0,3,0,1,3,3,3,0,0,0,0,0,0,0,0,3,0,0,3,3,0,3,0,3,0,0,0,0,0,0,0,0,0,0,3,0,0,0,3,0,0,0,3
6496,Trichoptera.1,Eukaryota,Animalia,Arthropoda,NA,Insecta,Neoptera,Trichoptera,Integripalpia,Calamoceratidae,Calamoceratinae,NA,Phylloicus,bromeliarum,NA,shredder,prey,aquatic,macro,NA,species_name,Phylloicus_bromeliarum,13,1,3,3,0,0,0,3,0,0,0,3,0,0,3,0,0,0,0,0,0,3,0,0,0,0,0,0,0,3,0,0,0,0,0,0,3,0,0,0,0,3,0,0,3,0,3,0,0,0,0,0,3,1,3,0,0,3,0,0,3,0,0,3,0
4676,Diptera.10,Eukaryota,Animalia,Arthropoda,NA,Insecta,Neoptera,Diptera,Nematocera,Culicidae,Anophelinae,NA,Anopheles,bellator,NA,filter.feeder,prey,aquatic,macro,NA,species_name,Anopheles_bellator,13,3,3,3,0,0,3,0,0,0,2,3,3,1,0,3,0,0,0,0,1,0,0,3,0,0,0,3,1,0,0,0,0,0,0,0,3,0,0,3,1,0,0,0,0,0,0,0,3,0,0,0,3,0,0,0,0,0,2,3,0,0,0,3,0
4031,Diptera.351,Eukaryota,Animalia,Arthropoda,NA,Insecta,Neoptera,Diptera,Nematocera,Chironomidae,Orthocladiinae,NA,Limnophyes,NA,NA,gatherer,prey,aquatic,macro,NA,genus,Limnophyes,12,3,3,3,0,0,3,0,0,0,3,1,3,3,1,3,0,0,0,0,2,2,2,2,0,0,0,0,0,2,2,0,0,1,1,0,1,2,0,0,0,3,1,1,1,3,1,0,0,0,2,0,3,0,0,0,0,1,3,1,0,0,0,3,0
5326,Diptera.364,Eukaryota,Animalia,Arthropoda,NA,Insecta,Neoptera,Diptera,Nematocera,Psychodidae,NA,NA,NA,NA,NA,gatherer,prey,aquatic,macro,NA,family,Psychodidae,9,3,3,3,0,0,0,2,2,0,1,3,1,3,2,2,1,1,0,0,3,0,0,0,0,0,0,2,0,0,2,0,0,0,0,0,2,2,0,1,0,2,3,0,0,0,0,0,3,0,0,0,3,0,2,0,0,0,3,0,0,0,0,3,0
6616,Diptera.512,Eukaryota,Animalia,Arthropoda,NA,Insecta,Neoptera,Diptera,Nematocera,Ceratopogonidae,Forcipomyiinae,NA,Atrichopogon,NA,NA,gatherer,prey,aquatic,macro,NA,genus,Atrichopogon,12,3,3,3,0,0,0,3,0,0,0,3,3,1,0,3,0,0,0,0,3,0,1,0,0,0,0,0,1,3,0,0,0,0,1,0,1,2,0,0,3,2,1,0,0,3,3,0,0,0,0,3,2,0,0,0,0,0,3,1,0,0,0,3,0
6636,Diptera.516,Eukaryota,Animalia,Arthropoda,NA,Insecta,Neoptera,Diptera,Nematocera,Ceratopogonidae,Forcipomyiinae,NA,Atrichopogon,NA,NA,gatherer,prey,aquatic,macro,NA,genus,Atrichopogon,12,3,3,3,0,0,0,3,0,0,0,3,3,1,0,3,0,0,0,0,3,0,1,0,0,0,0,0,1,3,0,0,0,0,1,0,1,2,0,0,3,2,1,0,0,3,3,0,0,0,0,3,2,0,0,0,0,0,3,1,0,0,0,3,0
4441,Diptera.520,Eukaryota,Animalia,Arthropoda,NA,Insecta,Neoptera,Diptera,Nematocera,Culicidae,Culicinae,NA,Culex,inimitabilis,NA,filter.feeder,prey,aquatic,macro,NA,species_name,Culex_inimitabilis,13,2,3,3,0,0,3,0,0,0,1,3,3,2,0,3,0,0,0,0,2,0,0,3,0,0,0,0,0,1,3,1,1,0,0,0,3,0,0,2,3,0,0,0,0,0,0,0,3,0,0,0,3,0,0,0,0,0,3,0,0,0,0,3,0
5576,Diptera.8,Eukaryota,Animalia,Arthropoda,NA,Insecta,Neoptera,Diptera,Brachycera,Syrphidae,Eristalinae,NA,NA,NA,NA,gatherer,prey,aquatic,macro,NA,subfamily,Eristalinae,10,1,3,2,0,0,2,3,2,1,0,3,3,2,2,2,0,2,0,0,2,1,1,3,0,0,0,0,0,3,0,0,0,0,0,0,1,2,0,1,0,3,1,0,0,0,0,0,3,0,3,1,1,0,0,0,0,0,2,3,0,0,0,1,2
6066,Ephemeroptera.1,Eukaryota,Animalia,Arthropoda,NA,Insecta,Palaeoptera,Ephemeroptera,NA,NA,NA,NA,NA,NA,NA,scraper,prey,aquatic,macro,NA,ord,Ephemeroptera,7,NA,NA,NA,NA,NA,NA,NA,NA,NA,NA,NA,NA,NA,NA,NA,NA,NA,NA,NA,NA,NA,NA,NA,NA,NA,NA,NA,NA,NA,NA,NA,NA,NA,NA,NA,NA,NA,NA,NA,NA,NA,NA,NA,NA,NA,NA,NA,NA,NA,2,0,0,1,0,0,0,0,NA,NA,NA,NA,NA,NA,NA
8071,Odonata.13,Eukaryota,Animalia,Arthropoda,Hexapoda,Insecta,Paleoptera,Odonata,Zygoptera,Coenagrionidae,NA,NA,Leptagrion,NA,NA,engulfer,predator,aquatic,macro,NA,genus,Leptagrion,12,2,3,0,0,0,0,0,3,1,0,3,0,0,0,0,0,0,2,3,0,0,0,0,0,3,0,0,0,0,0,3,0,0,0,0,0,3,0,0,1,3,0,0,0,1,3,0,0,0,3,0,0,0,0,0,0,0,0,0,3,0,0,3,0
5696,Diptera.371,Eukaryota,Animalia,Arthropoda,NA,Insecta,Neoptera,Diptera,Brachycera,Tabanidae,Tabaninae,NA,Stibasoma,bicolor,NA,piercer,predator,aquatic,macro,NA,species_name,Stibasoma_bicolor,13,1,2,0,0,0,0,0,3,0,0,3,0,1,1,0,0,0,0,3,1,0,0,0,3,0,0,0,0,3,0,0,2,0,0,0,1,3,0,1,0,3,1,0,0,0,0,0,3,0,3,0,0,0,0,0,0,0,0,3,2,0,0,3,0
4416,Diptera.502,Eukaryota,Animalia,Arthropoda,NA,Insecta,Neoptera,Diptera,Nematocera,Culicidae,Anophelinae,NA,Anopheles,homunculus,NA,filter.feeder,prey,aquatic,macro,NA,species_name,Anopheles_homunculus,13,3,3,3,0,0,3,0,0,0,2,3,3,1,0,3,0,0,0,0,1,0,0,3,0,0,0,3,1,0,0,0,0,0,0,0,3,0,0,3,1,0,0,0,0,0,0,0,3,0,0,0,3,0,0,0,0,0,2,3,0,0,0,3,0
3456,Diptera.521,Eukaryota,Animalia,Arthropoda,NA,Insecta,Neoptera,Diptera,Nematocera,Cecidomyiidae,NA,NA,NA,NA,NA,piercer,prey,NA,macro,NA,family,Cecidomyiidae,9,1,3,1,0,0,3,0,0,0,1,3,0,0,0,0,3,0,0,0,0,0,0,0,3,0,0,0,0,1,0,0,1,0,0,0,0,3,0,0,0,3,2,0,0,1,0,0,3,0,3,0,0,0,0,0,0,0,3,0,0,0,0,0,3
5086,Diptera.525,Eukaryota,Animalia,Arthropoda,NA,Insecta,Neoptera,Diptera,Brachycera,Ephydridae,NA,NA,NA,NA,NA,gatherer,prey,aquatic,macro,NA,family,Ephydridae,9,2,2,2,0,0,3,0,0,0,0,3,2,3,3,3,3,1,1,0,1,3,0,3,2,0,2,3,0,0,0,0,0,0,0,0,3,0,0,0,0,1,3,0,0,0,0,0,3,0,0,2,2,1,0,0,0,0,3,0,0,0,0,3,0
6276,Odonata.10,Eukaryota,Animalia,Arthropoda,NA,Insecta,Palaeoptera,Odonata,Zigoptera,NA,NA,NA,NA,NA,NA,engulfer,predator,aquatic,macro,NA,subord,Zigoptera,8,2,3,0,0,0,0,0,3,1,0,3,0,0,0,0,0,0,2,3,0,0,0,0,0,3,0,0,0,1,1,3,0,0,0,0,0,3,0,0,1,3,0,0,0,1,3,0,0,0,3,0,0,0,0,0,0,0,0,0,3,0,0,3,0
5661,Coleoptera.47,Eukaryota,Animalia,Arthropoda,NA,Insecta,Neoptera,Coleoptera,Polyphaga,Lampyridae,NA,NA,NA,NA,NA,piercer,predator,aquatic,macro,NA,family,Lampyridae,9,0,3,0,0,0,0,0,3,0,0,3,0,0,0,0,0,0,0,3,0,0,0,0,3,0,0,1,0,0,1,1,1,0,1,0,1,1,0,0,0,3,0,0,0,1,0,0,3,0,0,0,0,1,0,3,0,0,0,3,2,0,3,0,0
4626,Coleoptera.63,Eukaryota,Animalia,Arthropoda,NA,Insecta,Neoptera,Coleoptera,Adephaga,Dytiscidae,NA,NA,NA,NA,NA,engulfer,predator,aquatic,macro,NA,family,Dytiscidae,9,3,3,0,3,0,3,0,0,0,0,3,0,0,0,0,0,0,3,3,0,0,0,0,0,3,0,1,1,1,1,1,0,0,0,0,0,3,1,1,3,1,0,0,0,1,0,0,3,2,0,0,1,1,0,3,0,0,0,3,2,0,0,3,0
5746,Diptera.526,Eukaryota,Animalia,Arthropoda,NA,Insecta,Neoptera,Diptera,Nematocera,Tipulidae,NA,NA,NA,NA,NA,shredder,prey,aquatic,macro,NA,family,Tipulidae,9,3,3,1,0,0,0,0,3,1,0,3,1,1,3,0,1,0,0,1,1,3,0,0,0,1,0,0,0,3,3,0,0,0,0,0,0,3,0,0,0,1,3,0,0,1,3,0,3,0,3,0,0,0,0,0,0,0,0,3,0,0,0,3,0
4571,Coleoptera.62,Eukaryota,Animalia,Arthropoda,NA,Insecta,Neoptera,Coleoptera,Adephaga,Dytiscidae,NA,NA,NA,NA,NA,engulfer,predator,aquatic,macro,NA,family,Dytiscidae,9,3,3,0,3,0,3,0,0,0,0,3,0,0,0,0,0,0,3,3,0,0,0,0,0,3,0,1,1,1,1,1,0,0,0,0,0,3,1,1,3,1,0,0,0,1,0,0,3,2,0,0,1,1,0,3,0,0,0,3,2,0,0,3,0
5691,Diptera.370,Eukaryota,Animalia,Arthropoda,NA,Insecta,Neoptera,Diptera,Brachycera,Tabanidae,NA,NA,NA,NA,NA,piercer,predator,aquatic,macro,NA,family,Tabanidae,9,3,3,3,0,0,0,0,1,3,0,3,0,1,1,0,0,0,0,3,1,0,0,0,3,0,0,0,0,3,0,0,2,0,0,0,1,3,0,1,0,3,1,0,0,0,0,0,3,0,3,0,0,0,0,0,0,0,0,3,2,0,0,3,0
4426,Diptera.519,Eukaryota,Animalia,Arthropoda,NA,Insecta,Neoptera,Diptera,Nematocera,Culicidae,Culicinae,NA,Culex,albipes,NA,filter.feeder,prey,aquatic,macro,NA,species_name,Culex_albipes,13,2,3,3,0,0,3,0,0,0,1,3,3,2,0,3,0,0,0,0,2,0,0,3,0,0,0,0,0,1,3,1,1,0,0,0,3,0,0,2,3,0,0,0,0,0,0,0,3,0,0,0,3,0,0,0,0,0,3,0,0,0,0,3,0
5416,Diptera.532,Eukaryota,Animalia,Arthropoda,NA,Insecta,Neoptera,Diptera,Nematocera,Psychodidae,NA,NA,NA,NA,NA,gatherer,prey,aquatic,macro,NA,family,Psychodidae,9,3,3,3,0,0,0,2,2,0,1,3,1,3,2,2,1,1,0,0,3,0,0,0,0,0,0,2,0,0,2,0,0,0,0,0,2,2,0,1,0,2,3,0,0,0,0,0,3,0,0,0,3,0,2,0,0,0,3,0,0,0,0,3,0
4326,Diptera.507,Eukaryota,Animalia,Arthropoda,NA,Insecta,Neoptera,Diptera,Nematocera,Corethrellidae,Corethrellinae,NA,Corethrella,fulva,NA,engulfer,predator,aquatic,macro,NA,species_name,Corethrella_fulva,13,3,3,3,0,0,3,0,0,0,0,3,0,0,0,0,0,0,0,3,0,0,0,0,0,3,0,3,0,0,0,0,0,0,3,0,0,0,0,1,3,0,0,0,0,0,0,0,3,0,0,0,3,0,0,0,0,0,3,0,0,0,0,3,0
3516,Diptera.509,Eukaryota,Animalia,Arthropoda,NA,Insecta,Neoptera,Diptera,Nematocera,Ceratopogonidae,Ceratopogoninae,NA,Culicoides,NA,NA,piercer,predator,aquatic,macro,NA,genus,Culicoides,12,3,3,3,0,0,0,3,0,0,0,3,2,0,0,0,0,0,0,3,0,0,0,0,0,3,0,0,0,2,2,0,0,0,2,0,2,1,0,0,3,2,3,0,0,3,3,0,0,0,3,0,0,0,0,0,0,0,3,1,0,0,0,3,0
3836,Diptera.504,Eukaryota,Animalia,Arthropoda,NA,Insecta,Neoptera,Diptera,Nematocera,Chironomidae,Chironominae,NA,Polypedilum,NA,NA,gatherer,prey,aquatic,macro,NA,genus,Polypedilum,12,3,3,3,0,0,0,3,1,0,3,1,3,3,1,3,1,0,0,0,1,0,1,3,0,0,0,0,0,1,3,1,0,0,1,0,1,2,0,0,0,3,1,1,3,3,1,0,0,0,0,0,0,0,0,0,0,3,3,1,0,0,0,3,0
5261,Diptera.527,Eukaryota,Animalia,Arthropoda,NA,Insecta,Neoptera,Diptera,Brachycera,Phoridae,NA,NA,NA,NA,NA,gatherer,prey,aquatic,macro,NA,family,Phoridae,9,3,3,0,0,3,0,0,0,0,0,3,1,3,3,0,0,3,0,2,3,0,0,0,0,0,2,0,0,3,0,3,0,0,0,0,0,3,0,0,0,1,3,0,0,0,0,0,3,0,3,0,0,0,0,0,0,0,3,0,0,0,0,0,3
5216,Diptera.528,Eukaryota,Animalia,Arthropoda,NA,Insecta,Neoptera,Diptera,Brachycera,NA,NA,NA,NA,NA,NA,NA,NA,aquatic,macro,NA,subord,Brachycera,8,1,3,2,0,1,1,1,1,1,1,3,1,2,2,1,1,1,1,1,2,1,1,1,1,1,1,1,1,2,1,1,1,0,1,1,1,2,0,1,0,2,1,0,0,1,1,0,3,0,3,1,1,1,1,0,0,0,2,2,1,0,0,2,1
4726,Diptera.91,Eukaryota,Animalia,Arthropoda,NA,Insecta,Neoptera,Diptera,Nematocera,Culicidae,Culicinae,NA,Culex,NA,NA,filter.feeder,prey,aquatic,macro,NA,genus,Culex,12,2,3,3,0,0,3,1,0,0,1,3,3,2,0,3,0,0,0,0,2,0,0,3,0,0,0,0,0,1,3,1,1,0,0,0,3,0,0,2,3,0,0,0,0,0,0,0,3,0,0,0,3,0,0,0,0,0,3,0,0,0,0,3,0
4431,Diptera.518,Eukaryota,Animalia,Arthropoda,NA,Insecta,Neoptera,Diptera,Nematocera,Culicidae,Culicinae,NA,Culex,aphylactus,NA,filter.feeder,prey,aquatic,macro,NA,species_name,Culex_aphylactus,13,2,3,3,0,0,3,0,0,0,1,3,3,2,0,3,0,0,0,0,2,0,0,3,0,0,0,0,0,1,3,1,1,0,0,0,3,0,0,2,3,0,0,0,0,0,0,0,3,0,0,0,3,0,0,0,0,0,3,0,0,0,0,3,0
5331,Diptera.365,Eukaryota,Animalia,Arthropoda,NA,Insecta,Neoptera,Diptera,Nematocera,Psychodidae,NA,NA,NA,NA,NA,gatherer,prey,aquatic,macro,NA,family,Psychodidae,9,3,3,3,0,0,0,2,2,0,1,3,1,3,2,2,1,1,0,0,3,0,0,0,0,0,0,2,0,0,2,0,0,0,0,0,2,2,0,1,0,2,3,0,0,0,0,0,3,0,0,0,3,0,2,0,0,0,3,0,0,0,0,3,0
3996,Diptera.190,Eukaryota,Animalia,Arthropoda,NA,Insecta,Neoptera,Diptera,Nematocera,Chironomidae,Orthocladiinae,NA,NA,NA,NA,gatherer,prey,aquatic,macro,NA,subfamily,Orthocladiinae,10,3,3,3,0,0,1,3,0,0,3,1,3,3,1,3,0,0,0,0,2,2,2,2,0,0,0,0,0,2,2,0,0,1,1,0,1,2,0,0,0,3,1,1,1,3,1,0,0,0,2,0,1,0,0,0,0,1,3,1,0,0,0,3,0
6231,Megaloptera.1,Eukaryota,Animalia,Arthropoda,NA,Insecta,Neoptera,Megaloptera,NA,NA,NA,NA,NA,NA,NA,engulfer,predator,NA,macro,NA,ord,Megaloptera,7,NA,NA,NA,NA,NA,NA,NA,NA,NA,NA,NA,NA,NA,NA,NA,NA,NA,NA,NA,NA,NA,NA,NA,NA,NA,NA,NA,NA,NA,NA,NA,NA,NA,NA,NA,NA,NA,NA,NA,NA,NA,NA,NA,NA,NA,NA,NA,NA,NA,0,3,1,0,3,0,0,0,NA,NA,NA,NA,NA,NA,NA
4241,Coleoptera.46,Eukaryota,Animalia,Arthropoda,NA,Insecta,Neoptera,Coleoptera,Adephaga,Dytiscidae,Copelatinae,NA,Copelatus,bimaculatus,NA,engulfer,predator,aquatic,macro,NA,species_name,Copelatus_bimaculatus,13,3,3,0,3,0,3,0,0,0,0,3,0,0,0,0,0,0,3,3,0,0,0,0,0,3,0,1,1,1,1,1,0,0,0,0,0,3,1,1,3,1,0,0,0,1,0,0,3,3,0,0,1,1,0,3,0,0,0,3,2,0,0,3,0
5176,Coleoptera.48a,Eukaryota,Animalia,Arthropoda,NA,Insecta,Neoptera,Coleoptera,Polyphaga,Hydrophilidae,Sphaeridiinae,NA,NA,NA,adult,piercer,predator,aquatic,macro,NA,subfamily,Sphaeridiinae_adult,10,3,3,2,2,0,3,1,0,0,0,3,0,0,2,0,2,2,0,0,0,0,0,0,3,0,0,0,0,3,1,0,1,0,0,0,0,3,1,0,3,3,2,0,0,1,1,1,3,0,0,0,0,0,0,3,0,0,0,3,2,0,3,0,0
3471,Diptera.30,Eukaryota,Animalia,Arthropoda,NA,Insecta,Neoptera,Diptera,Nematocera,Cecidomyiidae,NA,NA,NA,NA,NA,piercer,prey,aquatic,macro,NA,family,Cecidomyiidae,9,1,3,1,0,0,3,0,0,0,1,3,0,0,0,0,3,0,0,0,0,0,0,0,3,0,0,0,0,1,0,0,1,0,0,0,0,3,0,0,0,3,2,0,0,1,0,0,3,0,3,0,0,0,0,0,0,0,3,0,0,0,0,0,3
6626,Diptera.514,Eukaryota,Animalia,Arthropoda,NA,Insecta,Neoptera,Diptera,Nematocera,Ceratopogonidae,Forcipomyiinae,NA,Atrichopogon,NA,NA,gatherer,prey,aquatic,macro,NA,genus,Atrichopogon,12,3,3,3,0,0,0,3,0,0,0,3,3,1,0,3,0,0,0,0,3,0,1,0,0,0,0,0,1,3,0,0,0,0,1,0,1,2,0,0,3,2,1,0,0,3,3,0,0,0,0,3,2,0,0,0,0,0,3,1,0,0,0,3,0
5486,Diptera.533,Eukaryota,Animalia,Arthropoda,NA,Insecta,Neoptera,Diptera,Brachycera,Syrphidae,Eristalinae,NA,Copestylum,NA,NA,gatherer,prey,NA,macro,NA,genus,Copestylum,12,1,3,2,0,0,0,0,3,0,0,3,3,2,2,2,0,2,0,0,3,1,3,1,0,0,0,0,0,3,0,0,0,0,0,0,1,2,0,1,0,3,1,0,0,0,0,0,3,0,0,2,2,0,0,0,0,0,2,3,0,0,0,1,2
3806,Diptera.506,Eukaryota,Animalia,Arthropoda,NA,Insecta,Neoptera,Diptera,Nematocera,Chironomidae,Chironominae,NA,Chironomus,NA,NA,gatherer,prey,aquatic,macro,NA,genus,Chironomus,12,3,3,3,0,0,0,0,3,0,3,1,2,3,1,3,0,0,0,0,1,0,1,3,0,0,0,0,0,2,2,0,0,0,1,0,1,2,0,0,0,3,1,0,3,3,3,0,0,0,0,3,0,0,0,0,0,3,3,1,0,0,0,3,0
5221,Diptera.179,Eukaryota,Animalia,Arthropoda,NA,Insecta,Neoptera,Diptera,Brachycera,NA,NA,NA,NA,NA,NA,NA,NA,aquatic,macro,NA,subord,Brachycera,8,1,3,2,0,1,1,1,1,1,1,3,1,2,2,1,1,1,1,1,2,1,1,1,1,1,1,1,1,2,1,1,1,0,1,1,1,2,0,1,0,2,1,0,0,1,1,0,3,0,3,1,1,1,1,0,0,0,2,2,1,0,0,2,1
5491,Diptera.534,Eukaryota,Animalia,Arthropoda,NA,Insecta,Neoptera,Diptera,Brachycera,Syrphidae,Eristalinae,NA,Lejops,barbiellinii,NA,gatherer,prey,NA,macro,NA,species_name,Lejops_barbiellinii,13,1,3,2,0,0,3,0,0,0,0,3,3,2,2,2,0,2,0,0,2,1,0,3,0,0,0,0,0,3,0,0,0,0,0,0,1,2,0,1,0,3,1,0,0,0,0,0,3,0,3,0,0,0,0,0,0,0,2,3,0,0,0,1,2
5351,Diptera.368,Eukaryota,Animalia,Arthropoda,NA,Insecta,Neoptera,Diptera,Nematocera,Psychodidae,NA,NA,NA,NA,NA,gatherer,prey,aquatic,macro,NA,family,Psychodidae,9,3,3,3,0,0,0,2,2,0,1,3,1,3,2,2,1,1,0,0,3,0,0,0,0,0,0,2,0,0,2,0,0,0,0,0,2,2,0,1,0,2,3,0,0,0,0,0,3,0,0,0,3,0,2,0,0,0,3,0,0,0,0,3,0
3451,Diptera.529,Eukaryota,Animalia,Arthropoda,NA,Insecta,Neoptera,Diptera,Brachycera,Canacidae,NA,NA,NA,NA,NA,piercer,predator,NA,macro,NA,family,Canacidae,9,1,3,1,0,0,3,0,0,0,3,1,0,0,0,0,3,0,0,0,0,0,0,0,3,0,0,0,0,1,0,0,1,0,0,0,0,3,0,0,0,3,2,0,0,1,0,0,3,0,3,0,0,0,0,0,0,0,3,0,0,0,0,0,3
6271,Odonata.7,Eukaryota,Animalia,Arthropoda,NA,Insecta,Palaeoptera,Odonata,Zygoptera,Coenagrionidae,NA,NA,Leptagrion,elongatum,NA,engulfer,predator,aquatic,macro,NA,species_name,Leptagrion_elongatum,13,2,3,0,0,0,0,0,3,0,0,3,0,0,0,0,0,0,2,3,0,0,0,0,0,3,0,0,0,0,0,3,0,0,0,0,0,3,0,0,1,3,0,0,0,1,3,0,0,0,3,0,0,0,0,0,0,0,0,0,3,0,0,3,0
6366,Oligochaeta.18,Eukaryota,Animalia,Annelida,NA,Clitellata,Oligochaeta,Haplotaxida,Tubificina,Naididae,NA,NA,NA,NA,NA,gatherer,prey,aquatic,macro,NA,family,Naididae,9,3,3,0,3,2,0,2,2,2,3,0,1,2,0,2,0,0,0,0,3,0,1,0,0,0,0,2,1,0,0,0,0,3,0,3,0,0,0,0,2,0,0,1,0,3,3,0,0,0,2,0,1,0,0,0,0,0,3,1,0,0,0,3,0
6601,Diptera.510,Eukaryota,Animalia,Arthropoda,NA,Insecta,Neoptera,Diptera,Nematocera,Ceratopogonidae,Forcipomyiinae,NA,Atrichopogon,NA,NA,gatherer,prey,aquatic,macro,NA,genus,Atrichopogon,12,3,3,3,0,0,0,3,0,0,0,3,3,1,0,3,0,0,0,0,3,0,1,0,0,0,0,0,1,3,0,0,0,0,1,0,1,2,0,0,3,2,1,0,0,3,3,0,0,0,0,3,2,0,0,0,0,0,3,1,0,0,0,3,0
4706,Diptera.200,Eukaryota,Animalia,Arthropoda,NA,Insecta,Neoptera,Diptera,Nematocera,Culicidae,Culicinae,NA,Wyeomyia,(Phoniomyia) theobaldi,NA,filter.feeder,prey,aquatic,macro,NA,species_name,Wyeomyia_theobaldi,13,3,3,3,0,0,0,3,0,0,1,3,3,2,0,3,0,0,0,0,2,0,0,3,0,0,0,3,1,0,0,0,0,0,0,0,3,0,0,1,3,0,0,0,0,0,0,0,3,0,0,0,3,0,0,0,0,0,3,0,0,0,0,3,0
4476,Diptera.531,Eukaryota,Animalia,Arthropoda,NA,Insecta,Neoptera,Diptera,Nematocera,Culicidae,Culicinae,NA,Wyeomyia,NA,NA,filter.feeder,prey,aquatic,macro,NA,genus,Wyeomyia,12,2,3,3,0,0,2,3,0,0,1,3,3,2,0,3,0,0,0,0,2,0,0,3,0,0,0,3,1,0,0,0,0,0,1,0,3,0,0,1,3,0,0,0,0,0,0,0,3,0,0,0,3,0,0,0,0,0,3,0,0,0,0,3,0
5116,Diptera.138,Eukaryota,Animalia,Arthropoda,NA,Insecta,Neoptera,Diptera,Brachycera,Ephydridae,NA,NA,NA,NA,NA,gatherer,prey,aquatic,macro,NA,family,Ephydridae,9,2,2,2,0,0,3,0,0,0,0,3,2,3,3,3,3,1,1,0,1,3,0,3,2,0,2,3,0,0,0,0,0,0,0,0,3,0,0,0,0,1,3,0,0,0,0,0,3,0,0,2,2,1,0,0,0,0,3,0,0,0,0,3,0
4411,Diptera.501,Eukaryota,Animalia,Arthropoda,NA,Insecta,Neoptera,Diptera,Nematocera,Culicidae,Anophelinae,NA,Anopheles,cruzzi,NA,filter.feeder,prey,aquatic,macro,NA,species_name,Anopheles_cruzzi,13,3,3,3,0,0,3,0,0,0,2,3,3,1,0,3,0,0,0,0,1,0,0,3,0,0,0,3,1,0,0,0,0,0,0,0,3,0,0,3,1,0,0,0,0,0,0,0,3,0,0,0,3,0,0,0,0,0,2,3,0,0,0,3,0
6466,Coleoptera.23,Eukaryota,Animalia,Arthropoda,NA,Insecta,Neoptera,Coleoptera,Polyphaga,Scirtidae,NA,NA,NA,NA,NA,scraper,prey,aquatic,macro,NA,family,Scirtidae,9,3,3,0,0,0,0,2,3,0,0,3,3,3,3,0,0,0,0,0,0,2,3,0,0,0,0,0,0,3,1,0,3,0,0,0,0,3,1,0,0,3,0,1,0,1,0,3,3,0,0,0,3,0,0,3,0,0,0,1,3,0,3,0,0
5716,Coleoptera.61,Eukaryota,Animalia,Arthropoda,NA,Insecta,Neoptera,Coleoptera,Polyphaga,Ptilodactylidae,NA,NA,NA,NA,NA,shredder,prey,aquatic,macro,NA,family,Ptilodactylidae,9,3,3,0,0,3,0,0,0,0,0,3,0,2,3,0,0,0,0,0,0,3,0,0,0,0,0,2,2,0,0,0,0,0,1,1,1,1,0,0,0,3,0,0,0,0,2,0,3,0,0,0,1,0,0,3,0,0,0,3,2,0,0,3,0
5356,Diptera.194,Eukaryota,Animalia,Arthropoda,NA,Insecta,Neoptera,Diptera,Nematocera,Psychodidae,Psychodinae,NA,Pericoma,NA,NA,gatherer,prey,aquatic,macro,NA,genus,Pericoma,12,3,3,3,0,0,0,3,0,0,1,3,1,3,2,2,1,1,0,0,3,0,0,0,0,0,0,2,0,0,2,0,0,0,0,0,2,2,0,1,0,2,3,0,0,0,0,0,3,0,0,0,3,0,2,0,0,0,3,0,0,0,0,3,0
5741,Diptera.491,Eukaryota,Animalia,Arthropoda,NA,Insecta,Neoptera,Diptera,Nematocera,Limoniidae,Chioneinae,NA,Cheilotrichia,NA,NA,shredder,prey,aquatic,macro,NA,genus,Cheilotrichia,12,3,3,1,0,0,0,0,3,0,0,3,1,1,3,0,1,0,0,1,1,3,0,0,0,1,0,0,0,3,3,0,0,0,0,0,0,3,0,0,0,0,3,0,0,1,3,0,3,0,3,0,0,0,0,0,0,0,0,3,0,0,0,3,0
5151,Diptera.494,Eukaryota,Animalia,Arthropoda,NA,Insecta,Neoptera,Diptera,NA,NA,NA,NA,NA,NA,NA,NA,NA,aquatic,macro,NA,ord,Diptera,7,2,3,3,0,1,1,1,1,1,1,3,2,2,1,2,1,1,1,1,1,1,1,2,1,1,1,1,1,1,1,1,1,1,1,1,2,1,0,1,1,1,1,1,1,1,1,0,2,0,1,1,1,1,1,0,0,1,2,1,1,0,0,3,1
5506,Diptera.495,Eukaryota,Animalia,Arthropoda,NA,Insecta,Neoptera,Diptera,Brachycera,Syrphidae,NA,NA,NA,NA,NA,gatherer,prey,aquatic,macro,NA,family,Syrphidae,9,1,3,2,0,0,1,1,2,3,0,3,3,2,2,2,0,2,0,1,2,1,2,2,0,1,0,0,0,3,0,0,0,0,0,0,1,2,0,1,0,3,1,0,0,0,0,0,3,0,3,1,1,0,0,0,0,0,2,3,0,0,0,1,2
5511,Diptera.496,Eukaryota,Animalia,Arthropoda,NA,Insecta,Neoptera,Diptera,Brachycera,Syrphidae,NA,NA,NA,NA,NA,gatherer,prey,aquatic,macro,NA,family,Syrphidae,9,1,3,2,0,0,1,1,2,3,0,3,3,2,2,2,0,2,0,1,2,1,2,2,0,1,0,0,0,3,0,0,0,0,0,0,1,2,0,1,0,3,1,0,0,0,0,0,3,0,3,1,1,0,0,0,0,0,2,3,0,0,0,1,2
4086,Diptera.79,Eukaryota,Animalia,Arthropoda,NA,Insecta,Neoptera,Diptera,Nematocera,Chironomidae,Chironominae,NA,NA,NA,NA,gatherer,prey,aquatic,macro,NA,subfamily,Chironominae,10,3,3,3,0,0,2,2,2,0,3,1,2,3,1,3,1,1,1,1,1,0,1,3,1,1,0,1,0,2,2,1,0,1,1,0,1,2,0,0,0,3,1,1,3,3,1,0,0,0,2,1,0,0,0,0,0,3,3,1,0,0,0,3,0
4741,Diptera.158,Eukaryota,Animalia,Arthropoda,NA,Insecta,Neoptera,Diptera,Nematocera,Culicidae,Culicinae,NA,Haemagogus,NA,NA,filter.feeder,prey,aquatic,macro,NA,genus,Haemagogus,12,1,3,3,0,0,0,3,0,0,1,3,2,3,0,0,0,0,0,0,2,0,0,3,0,0,0,1,0,0,0,3,0,0,3,0,3,0,0,3,2,0,0,0,0,0,0,0,3,0,0,0,3,0,0,0,0,0,3,0,0,0,0,3,0
4471,Diptera.493,Eukaryota,Animalia,Arthropoda,NA,Insecta,Neoptera,Diptera,Nematocera,Culicidae,Culicinae,NA,Toxorhynchites,NA,NA,engulfer,predator,aquatic,macro,NA,genus,Toxorhynchites,12,3,3,3,0,0,0,0,3,0,0,3,0,0,0,0,0,0,0,3,0,0,0,0,0,3,0,3,0,0,0,0,0,0,0,0,3,0,0,3,1,0,0,0,0,0,0,0,3,0,0,0,3,0,0,0,0,0,0,3,1,0,0,3,0
3441,Diptera.497,Eukaryota,Animalia,Arthropoda,NA,Insecta,Neoptera,Diptera,Nematocera,Anisopodidae,NA,NA,NA,NA,NA,gatherer,prey,aquatic,macro,NA,family,Anisopodidae,9,2,3,0,0,0,0,0,3,0,0,3,0,0,2,0,0,2,0,0,2,1,1,0,0,0,0,0,0,3,0,0,0,0,1,1,1,1,0,0,3,0,0,0,0,1,0,0,3,0,3,0,0,0,0,0,0,0,3,0,0,0,0,3,0
3511,Diptera.500,Eukaryota,Animalia,Arthropoda,NA,Insecta,Neoptera,Diptera,Nematocera,Ceratopogonidae,Forcipomyiinae,NA,Atrichopogon,NA,NA,gatherer,prey,aquatic,macro,NA,genus,Atrichopogon,12,3,3,3,0,0,0,3,0,0,0,3,3,1,0,3,0,0,0,0,3,0,1,0,0,0,0,0,1,3,0,0,0,0,1,0,1,2,0,0,3,2,1,0,0,3,3,0,0,0,0,3,2,0,0,0,0,0,3,1,0,0,0,3,0
5266,Diptera.489,Eukaryota,Animalia,Arthropoda,NA,Insecta,Neoptera,Diptera,Nematocera,Psychodidae,NA,NA,NA,NA,NA,gatherer,prey,aquatic,macro,NA,family,Psychodidae,9,3,3,3,0,0,0,2,2,0,1,3,1,3,2,2,1,1,0,0,3,0,0,0,0,0,0,2,0,0,2,0,0,0,0,0,2,2,0,1,0,2,3,0,0,0,0,0,3,0,0,0,3,0,2,0,0,0,3,0,0,0,0,3,0
5426,Diptera.490,Eukaryota,Animalia,Arthropoda,NA,Insecta,Neoptera,Diptera,Nematocera,Scatopsidae,NA,NA,NA,NA,NA,gatherer,prey,aquatic,macro,NA,family,Scatopsidae,9,2,3,2,0,0,0,3,0,0,1,3,0,2,2,0,0,2,0,0,2,0,0,0,1,0,0,1,1,1,1,1,1,0,0,0,0,3,0,0,0,2,3,0,0,0,0,0,3,0,2,0,1,0,0,0,0,0,3,1,0,0,0,3,0
6501,Platyhelminthes.15,Eukaryota,Animalia,Platyhelminthes,NA,NA,NA,NA,NA,NA,NA,NA,NA,NA,NA,engulfer,predator,aquatic,macro,NA,phylum,Platyhelminthes,3,0,0,0,3,3,0,0,1,0,1,2,1,0,0,0,0,1,3,3,0,0,0,0,0,3,1,0,0,0,0,0,0,3,0,0,0,3,0,0,1,3,1,0,0,3,0,0,0,0,3,0,0,0,0,0,0,0,NA,NA,NA,2,2,0,0
5751,Diptera.492,Eukaryota,Animalia,Arthropoda,NA,Insecta,Neoptera,Diptera,Nematocera,Tipulidae,Tipulinae,NA,Tipula,NA,NA,shredder,prey,aquatic,macro,NA,genus,Tipula,12,3,3,1,0,0,0,0,3,0,0,3,1,1,3,0,1,0,0,1,1,3,0,0,0,1,0,0,0,3,3,0,0,0,0,0,0,3,0,0,0,0,3,0,0,1,3,0,3,0,3,0,0,0,0,0,0,0,0,3,0,0,0,3,0
5581,Diptera.147,Eukaryota,Animalia,Arthropoda,NA,Insecta,Neoptera,Diptera,Brachycera,Syrphidae,Eristalinae,NA,Eristalis,NA,NA,gatherer,prey,aquatic,macro,NA,genus,Eristalis,12,1,3,2,0,0,0,0,0,3,0,3,3,2,2,2,0,2,0,0,2,1,0,3,0,0,0,0,0,3,0,0,0,0,0,0,1,2,0,1,0,3,1,0,0,0,0,0,3,0,3,0,0,0,0,0,0,0,2,3,0,0,0,1,2
5471,Diptera.499,Eukaryota,Animalia,Arthropoda,NA,Insecta,Neoptera,Diptera,Brachycera,Stratiomyidae,NA,NA,NA,NA,NA,gatherer,prey,aquatic,macro,NA,family,Stratiomyidae,9,0,3,2,0,0,0,3,0,0,0,3,0,3,3,3,0,0,0,0,2,0,0,2,0,0,2,0,0,0,0,3,0,0,0,0,0,3,0,3,0,0,0,0,0,0,0,0,3,0,0,0,1,0,2,0,0,0,3,1,0,0,0,3,0
3536,Diptera.498,Eukaryota,Animalia,Arthropoda,NA,Insecta,Neoptera,Diptera,Nematocera,Ceratopogonidae,Ceratopogoninae,NA,Stilobezzia,NA,NA,piercer,predator,aquatic,macro,NA,genus,Stilobezzia,12,3,3,3,0,0,0,3,0,0,0,3,0,0,0,0,0,0,0,3,0,0,0,0,0,3,0,0,0,2,2,0,0,0,0,0,2,2,0,0,3,2,3,0,0,3,3,0,0,0,3,0,0,0,0,0,0,0,3,1,0,0,0,3,0
6241,Odonata.9,Eukaryota,Animalia,Arthropoda,NA,Insecta,Palaeoptera,Odonata,Zygoptera,Coenagrionidae,NA,NA,Bromeliagrion,NA,NA,engulfer,predator,aquatic,macro,NA,genus,Bromeliagrion,12,2,3,0,0,0,0,0,0,3,0,3,0,0,0,0,0,0,2,3,0,0,0,0,0,3,0,0,0,0,0,3,0,0,0,0,0,3,0,0,1,3,0,0,0,1,3,0,0,0,3,0,0,0,0,0,0,0,0,0,3,0,0,3,0
6226,Lepidoptera.8,Eukaryota,Animalia,Arthropoda,NA,Insecta,Neoptera,Lepidoptera,Glossata,NA,NA,NA,NA,NA,NA,NA,NA,terrestrial,macro,NA,subord,Glossata,8,NA,NA,NA,NA,NA,NA,NA,NA,NA,NA,NA,NA,NA,NA,NA,NA,NA,NA,NA,NA,NA,NA,NA,NA,NA,NA,NA,NA,NA,NA,NA,NA,NA,NA,NA,NA,NA,NA,NA,NA,NA,NA,NA,NA,NA,NA,NA,NA,NA,0,1,2,0,1,0,0,0,NA,NA,NA,0,0,3,0
6551,Coleoptera.11,Eukaryota,Animalia,Arthropoda,NA,Insecta,Neoptera,Coleoptera,Polyphaga,Scirtidae,NA,NA,Contacyphon,NA,NA,scraper,prey,aquatic,macro,NA,genus,Contacyphon,12,3,3,0,0,0,0,0,3,0,0,3,3,3,3,0,0,0,0,0,0,2,3,0,0,0,0,0,0,3,1,0,3,0,0,0,0,3,0,0,0,3,0,1,0,1,0,3,3,0,0,0,3,0,0,3,0,0,0,1,3,0,3,0,0
3711,Diptera.23,Eukaryota,Animalia,Arthropoda,NA,Insecta,Neoptera,Diptera,Nematocera,Ceratopogonidae,Ceratopogoninae,NA,Bezzia,NA,NA,piercer,predator,aquatic,macro,NA,genus,Bezzia,12,3,3,3,0,0,1,3,0,0,0,3,0,0,0,0,0,0,0,3,0,0,0,0,0,3,0,0,0,2,2,0,0,0,0,0,2,2,0,0,3,2,3,0,0,3,3,0,0,0,3,0,0,0,0,0,0,0,3,1,0,0,0,3,0
3716,Diptera.24,Eukaryota,Animalia,Arthropoda,NA,Insecta,Neoptera,Diptera,Nematocera,Ceratopogonidae,Ceratopogoninae,NA,Bezzia,NA,NA,piercer,predator,aquatic,macro,NA,genus,Bezzia,12,3,3,3,0,0,1,3,0,0,0,3,0,0,0,0,0,0,0,3,0,0,0,0,0,3,0,0,0,2,2,0,0,0,0,0,2,2,0,0,3,2,3,0,0,3,3,0,0,0,3,0,0,0,0,0,0,0,3,1,0,0,0,3,0
4896,Diptera.302,Eukaryota,Animalia,Arthropoda,NA,Insecta,Neoptera,Diptera,Nematocera,Culicidae,Culicinae,NA,Wyeomyia,aphobema,NA,filter.feeder,prey,aquatic,macro,NA,species_name,Wyeomyia_aphobema,13,2,3,3,0,0,1,3,0,0,1,3,3,2,0,3,0,0,0,0,2,0,0,3,0,0,0,3,1,0,0,0,0,0,0,0,3,0,0,1,3,0,0,0,0,0,0,0,3,0,0,0,3,0,0,0,0,0,3,0,0,0,0,3,0
5196,Diptera.439,Eukaryota,Animalia,Arthropoda,NA,Insecta,Neoptera,Diptera,Nematocera,Limoniidae,Limoniinae,NA,NA,NA,NA,shredder,prey,aquatic,macro,NA,subfamily,Limoniinae,10,3,3,1,0,0,0,0,3,1,0,3,0,0,3,0,1,0,0,0,0,3,0,0,0,0,0,0,0,3,3,0,0,0,0,0,0,3,0,0,0,1,3,0,0,1,3,0,3,0,3,0,0,0,0,0,0,0,0,3,0,0,0,3,0
5861,Diptera.441,Eukaryota,Animalia,Arthropoda,NA,Insecta,Neoptera,Diptera,Nematocera,Limoniidae,Limoniinae,NA,Trentepohlia,NA,NA,shredder,prey,aquatic,macro,NA,genus,Trentepohlia,12,3,3,1,0,0,0,0,3,1,0,3,0,0,3,0,1,0,0,0,0,3,0,0,0,0,0,0,0,3,3,0,0,0,0,0,0,3,0,0,0,1,3,0,0,1,3,0,3,0,3,0,0,0,0,0,0,0,0,3,0,0,0,3,0
6141,Hemiptera.13,Eukaryota,Animalia,Arthropoda,NA,Insecta,Neoptera,Hemiptera,Heteroptera,Veliidae,NA,NA,Paravelia,NA,NA,piercer,predator,terrestrial,macro,NA,genus,Paravelia,12,0,3,0,3,0,3,0,0,0,1,3,0,0,0,0,0,1,3,1,0,0,0,0,3,1,0,0,0,3,0,0,2,0,0,0,0,3,1,3,0,0,0,0,0,0,0,0,3,0,0,0,1,1,0,3,0,0,2,3,0,0,3,0,0
6391,Ostracoda.8,Eukaryota,Animalia,Arthropoda,Crustacea,Ostracoda,Podocopa,Podocopida,Cytherocopina,Limnocytheridae,Timiriaseviinae,NA,Elpidium,bromeliarum,NA,scraper,prey,aquatic,macro,NA,species_name,Elpidium_bromeliarum,13,3,3,0,3,3,0,0,0,0,3,0,0,3,3,0,1,3,1,0,3,1,0,3,0,1,3,3,3,0,0,0,0,0,0,0,0,3,0,0,3,3,0,3,0,3,0,0,0,0,0,0,0,0,0,0,3,0,0,0,3,0,0,0,3
4821,Diptera.107,Eukaryota,Animalia,Arthropoda,NA,Insecta,Neoptera,Diptera,Nematocera,Culicidae,Culicinae,NA,Culex,NA,NA,filter.feeder,prey,aquatic,macro,NA,genus,Culex,12,2,3,3,0,0,3,1,0,0,1,3,3,2,0,3,0,0,0,0,2,0,0,3,0,0,0,0,0,1,3,1,1,0,0,0,3,0,0,2,3,0,0,0,0,0,0,0,3,0,0,0,3,0,0,0,0,0,3,0,0,0,0,3,0
3506,Diptera.438,Eukaryota,Animalia,Arthropoda,NA,Insecta,Neoptera,Diptera,Nematocera,Cecidomyiidae,NA,NA,NA,NA,NA,piercer,prey,aquatic,macro,NA,family,Cecidomyiidae,9,1,3,1,0,0,3,0,0,0,1,3,0,0,0,0,3,0,0,0,0,0,0,0,3,0,0,0,0,1,0,0,1,0,0,0,0,3,0,0,0,3,2,0,0,1,0,0,3,0,3,0,0,0,0,0,0,0,3,0,0,0,0,0,3
4391,Diptera.87,Eukaryota,Animalia,Arthropoda,NA,Insecta,Neoptera,Diptera,Nematocera,Corethrellidae,Corethrellinae,NA,Corethrella,NA,NA,engulfer,predator,aquatic,macro,NA,genus,Corethrella,12,3,3,3,0,0,3,0,0,0,0,3,0,0,0,0,0,0,0,3,0,0,0,0,0,3,0,3,0,0,0,0,0,0,3,0,0,0,0,1,3,0,0,0,0,0,0,0,3,0,0,0,3,0,0,0,0,0,3,0,0,0,0,3,0
6341,Oligochaeta.13,Eukaryota,Animalia,Annelida,NA,Clitellata,Oligochaeta,Haplotaxida,Tubificina,Naididae,Naidinae,NA,Aulophorus,superterrenus,NA,gatherer,prey,aquatic,macro,NA,species_name,Aulophorus_superterrenus,13,3,3,0,3,0,0,0,3,2,3,0,1,2,0,2,0,0,0,0,3,0,1,0,0,0,0,2,1,0,0,0,0,3,0,3,0,0,0,0,2,0,0,1,0,3,3,0,0,0,2,0,1,0,0,0,0,0,3,1,0,0,0,3,0
4516,Coleoptera.52,Eukaryota,Animalia,Arthropoda,NA,Insecta,Neoptera,Coleoptera,Adephaga,Dytiscidae,NA,NA,NA,NA,NA,engulfer,predator,aquatic,macro,NA,family,Dytiscidae,9,3,3,0,3,0,3,0,0,0,0,3,0,0,0,0,0,0,3,3,0,0,0,0,0,3,0,1,1,1,1,1,0,0,0,0,0,3,1,1,3,1,0,0,0,1,0,0,3,2,0,0,1,1,0,3,0,0,0,3,2,0,0,3,0
4916,Diptera.442,Eukaryota,Animalia,Arthropoda,NA,Insecta,Neoptera,Diptera,Nematocera,Culicidae,Culicinae,NA,Wyeomyia,NA,NA,filter.feeder,prey,aquatic,macro,NA,genus,Wyeomyia,12,2,3,3,0,0,2,3,0,0,1,3,3,2,0,3,0,0,0,0,2,0,0,3,0,0,0,3,1,0,0,0,0,0,1,0,3,0,0,1,3,0,0,0,0,0,0,0,3,0,0,0,3,0,0,0,0,0,3,0,0,0,0,3,0
4756,Diptera.12,Eukaryota,Animalia,Arthropoda,NA,Insecta,Neoptera,Diptera,Nematocera,Culicidae,Anophelinae,NA,Anopheles,neivai,NA,filter.feeder,prey,aquatic,macro,NA,species_name,Anopheles_neivai,13,3,3,3,0,0,3,0,0,0,2,3,3,1,0,3,0,0,0,0,1,0,0,3,0,0,0,3,1,0,0,0,0,0,0,0,3,0,0,3,1,0,0,0,0,0,0,0,3,0,0,0,3,0,0,0,0,0,2,3,0,0,0,3,0
4826,Diptera.108,Eukaryota,Animalia,Arthropoda,NA,Insecta,Neoptera,Diptera,Nematocera,Culicidae,Culicinae,NA,Culex,NA,NA,filter.feeder,prey,aquatic,macro,NA,genus,Culex,12,2,3,3,0,0,3,1,0,0,1,3,3,2,0,3,0,0,0,0,2,0,0,3,0,0,0,0,0,1,3,1,1,0,0,0,3,0,0,2,3,0,0,0,0,0,0,0,3,0,0,0,3,0,0,0,0,0,3,0,0,0,0,3,0
5711,Diptera.245,Eukaryota,Animalia,Arthropoda,NA,Insecta,Neoptera,Diptera,Brachycera,Tabanidae,NA,NA,NA,NA,NA,piercer,predator,aquatic,macro,NA,family,Tabanidae,9,3,3,3,0,0,0,0,1,3,0,3,0,1,1,0,0,0,0,3,1,0,0,0,3,0,0,0,0,3,0,0,2,0,0,0,1,3,0,1,0,3,1,0,0,0,0,0,3,0,3,0,0,0,0,0,0,0,0,3,2,0,0,3,0
3401,Diptera.437,Eukaryota,Animalia,Arthropoda,NA,Insecta,Neoptera,Diptera,Brachycera,NA,NA,NA,NA,NA,NA,NA,NA,aquatic,macro,NA,subord,Brachycera,8,1,3,2,0,1,1,1,1,1,1,3,1,2,2,1,1,1,1,1,2,1,1,1,1,1,1,1,1,2,1,1,1,0,1,1,1,2,0,1,0,2,1,0,0,1,1,0,3,0,3,1,1,1,1,0,0,0,2,2,1,0,0,2,1
6351,Oligochaeta.11,Eukaryota,Animalia,Annelida,NA,Clitellata,Oligochaeta,Haplotaxida,Tubificina,Naididae,Pristininae,NA,Pristina,osborni,NA,gatherer,prey,aquatic,macro,NA,species_name,Pristina_osborni,13,3,3,0,3,3,0,0,0,0,3,0,1,2,0,2,0,0,0,0,3,0,0,0,0,0,0,2,1,0,0,0,0,3,0,3,0,0,0,0,2,0,0,1,0,3,0,0,0,0,2,0,1,0,0,0,0,0,3,1,0,0,0,3,0
6481,Platyhelminthes.14,Eukaryota,Animalia,Platyhelminthes,NA,Turbellaria,NA,NA,NA,NA,NA,NA,NA,NA,NA,engulfer,predator,aquatic,macro,NA,class,Turbellaria,5,0,0,0,3,3,0,0,1,0,1,2,1,0,0,0,0,1,3,3,0,0,0,0,0,3,1,0,0,0,0,0,0,3,0,0,0,3,0,0,1,3,1,0,0,3,0,0,0,0,3,0,0,0,0,0,0,0,NA,NA,NA,2,2,0,0
4451,Diptera.443,Eukaryota,Animalia,Arthropoda,NA,Insecta,Neoptera,Diptera,Nematocera,Culicidae,Culicinae,NA,Culex,(Microculex) stonei,NA,filter.feeder,prey,aquatic,macro,NA,species_name,Culex_stonei,13,2,3,3,0,0,3,0,0,0,1,3,3,2,0,3,0,0,0,0,2,0,0,3,0,0,0,0,0,1,3,1,1,0,0,0,3,0,0,2,3,0,0,0,0,0,0,0,3,0,0,0,3,0,0,0,0,0,3,0,0,0,0,3,0
4461,Coleoptera.10,Eukaryota,Animalia,Arthropoda,NA,Insecta,Neoptera,Coleoptera,Adephaga,Dytiscidae,Copelatinae,NA,Copelatus,NA,NA,engulfer,predator,aquatic,macro,NA,genus,Copelatus,12,NA,NA,NA,NA,NA,NA,NA,NA,NA,NA,NA,NA,NA,NA,NA,NA,NA,NA,NA,NA,NA,NA,NA,NA,NA,NA,NA,NA,NA,NA,NA,NA,NA,NA,NA,NA,NA,NA,NA,NA,NA,NA,NA,NA,NA,NA,NA,NA,NA,NA,NA,NA,NA,NA,NA,NA,NA,NA,NA,NA,NA,NA,NA,NA
6246,Odonata.2,Eukaryota,Animalia,Arthropoda,NA,Insecta,Palaeoptera,Odonata,Zygoptera,Coenagrionidae,NA,NA,NA,NA,NA,engulfer,predator,aquatic,macro,NA,family,Coenagrionidae,9,2,3,0,0,0,0,0,3,1,0,3,0,0,0,0,0,0,2,3,0,0,0,0,0,3,0,0,0,0,0,3,0,0,0,0,0,3,0,0,1,3,0,0,0,1,3,0,0,0,3,0,0,0,0,0,0,0,0,0,3,0,0,3,0
5981,Diptera.440,Eukaryota,Animalia,Arthropoda,NA,Insecta,Neoptera,Diptera,Nematocera,NA,NA,NA,NA,NA,NA,NA,NA,aquatic,macro,NA,subord,Nematocera,8,3,3,3,0,1,1,1,1,1,1,3,2,2,1,2,1,1,1,1,1,1,1,2,1,1,1,1,1,1,1,1,1,1,1,1,2,1,0,1,1,1,1,1,1,1,1,0,2,0,1,1,2,0,1,0,0,1,2,1,1,0,0,3,1
6301,Oligochaeta.1,Eukaryota,Animalia,Annelida,NA,Clitellata,Oligochaeta,Haplotaxida,Lumbricina,Aeolosomatidae,NA,NA,Aelosoma,NA,NA,gatherer,prey,aquatic,macro,NA,genus,Aelosoma,12,3,3,0,3,3,0,0,0,0,3,0,3,3,0,0,0,0,0,0,3,0,0,0,0,0,0,2,1,0,0,0,0,3,0,3,0,0,0,0,0,2,3,1,0,3,0,0,0,0,0,0,3,0,0,0,0,0,3,1,0,0,0,3,0
6091,Coleoptera.27,Eukaryota,Animalia,Arthropoda,NA,Insecta,Neoptera,Coleoptera,Polyphaga,Scirtidae,NA,NA,NA,NA,NA,scraper,prey,aquatic,macro,NA,family,Scirtidae,9,3,3,0,0,0,0,2,3,0,0,3,3,3,3,0,0,0,0,0,0,2,3,0,0,0,0,0,0,3,1,0,3,0,0,0,0,3,1,0,0,3,0,1,0,1,0,3,3,0,0,0,3,0,0,3,0,0,0,1,3,0,3,0,0
6146,Coleoptera.28,Eukaryota,Animalia,Arthropoda,NA,Insecta,Neoptera,Coleoptera,Polyphaga,Scirtidae,NA,NA,NA,NA,NA,scraper,prey,aquatic,macro,NA,family,Scirtidae,9,3,3,0,0,0,0,2,3,0,0,3,3,3,3,0,0,0,0,0,0,2,3,0,0,0,0,0,0,3,1,0,3,0,0,0,0,3,1,0,0,3,0,1,0,1,0,3,3,0,0,0,3,0,0,3,0,0,0,1,3,0,3,0,0
6201,Coleoptera.29,Eukaryota,Animalia,Arthropoda,NA,Insecta,Neoptera,Coleoptera,Polyphaga,Scirtidae,NA,NA,NA,NA,NA,scraper,prey,aquatic,macro,NA,family,Scirtidae,9,3,3,0,0,0,0,2,3,0,0,3,3,3,3,0,0,0,0,0,0,2,3,0,0,0,0,0,0,3,1,0,3,0,0,0,0,3,1,0,0,3,0,1,0,1,0,3,3,0,0,0,3,0,0,3,0,0,0,1,3,0,3,0,0
6256,Coleoptera.30,Eukaryota,Animalia,Arthropoda,NA,Insecta,Neoptera,Coleoptera,Polyphaga,Scirtidae,NA,NA,NA,NA,NA,scraper,prey,aquatic,macro,NA,family,Scirtidae,9,3,3,0,0,0,0,2,3,0,0,3,3,3,3,0,0,0,0,0,0,2,3,0,0,0,0,0,0,3,1,0,3,0,0,0,0,3,1,0,0,3,0,1,0,1,0,3,3,0,0,0,3,0,0,3,0,0,0,1,3,0,3,0,0
4681,Coleoptera.56,Eukaryota,Animalia,Arthropoda,NA,Insecta,Neoptera,Coleoptera,Polyphaga,Elateridae,NA,NA,NA,NA,NA,NA,NA,aquatic,macro,NA,family,Elateridae,9,NA,NA,NA,NA,NA,NA,NA,NA,NA,NA,NA,NA,NA,NA,NA,NA,NA,NA,NA,NA,NA,NA,NA,NA,NA,NA,NA,NA,NA,NA,NA,NA,NA,NA,NA,NA,NA,NA,NA,NA,NA,NA,NA,NA,NA,NA,NA,NA,NA,0,0,1,2,3,2,0,0,0,2,3,0,0,3,0
4521,Diptera.101,Eukaryota,Animalia,Arthropoda,NA,Insecta,Neoptera,Diptera,Nematocera,Culicidae,Culicinae,NA,Culex,(Microculex) shopei,NA,filter.feeder,prey,aquatic,macro,NA,species_name,Culex_shopei,13,2,3,3,0,0,3,0,0,0,1,3,3,2,0,3,0,0,0,0,2,0,0,3,0,0,0,0,0,1,3,1,1,0,0,0,3,0,0,2,3,0,0,0,0,0,0,0,3,0,0,0,3,0,0,0,0,0,3,0,0,0,0,3,0
4566,Diptera.113,Eukaryota,Animalia,Arthropoda,NA,Insecta,Neoptera,Diptera,Nematocera,Culicidae,Culicinae,NA,Culex,(Microculex) davisi,NA,filter.feeder,prey,aquatic,macro,NA,species_name,Culex_davisi,13,3,3,3,0,0,3,0,0,0,1,3,3,2,0,3,0,0,0,0,2,0,0,3,0,0,0,0,0,1,3,1,1,0,0,0,3,0,0,2,3,0,0,0,0,0,0,0,3,0,0,0,3,0,0,0,0,0,3,0,0,0,0,3,0
3546,Diptera.115,Eukaryota,Animalia,Arthropoda,NA,Insecta,Neoptera,Diptera,Nematocera,Ceratopogonidae,Forcipomyiinae,NA,Forcipomyia,NA,NA,gatherer,prey,aquatic,macro,NA,genus,Forcipomyia,12,3,3,3,0,0,3,0,0,0,0,3,3,3,0,3,0,0,0,0,3,0,0,0,0,0,0,0,0,2,2,0,0,0,2,0,2,2,0,0,0,3,1,0,0,3,3,0,0,0,0,2,2,0,0,0,0,0,3,1,0,0,0,3,0
3551,Diptera.15,Eukaryota,Animalia,Arthropoda,NA,Insecta,Neoptera,Diptera,Nematocera,Ceratopogonidae,Forcipomyiinae,NA,Atrichopogon,NA,NA,gatherer,prey,aquatic,macro,NA,genus,Atrichopogon,12,3,3,3,0,0,0,3,0,0,0,3,3,1,0,3,0,0,0,0,3,0,1,0,0,0,0,0,1,3,0,0,0,0,1,0,1,2,0,0,3,2,1,0,0,3,3,0,0,0,0,3,2,0,0,0,0,0,3,1,0,0,0,3,0
5776,Diptera.278,Eukaryota,Animalia,Arthropoda,NA,Insecta,Neoptera,Diptera,Nematocera,Tipulidae,NA,NA,NA,NA,NA,shredder,prey,aquatic,macro,NA,family,Tipulidae,9,3,3,1,0,0,0,0,3,1,0,3,1,1,3,0,1,0,0,1,1,3,0,0,0,1,0,0,0,3,3,0,0,0,0,0,0,3,0,0,0,1,3,0,0,1,3,0,3,0,3,0,0,0,0,0,0,0,0,3,0,0,0,3,0
3891,Diptera.380,Eukaryota,Animalia,Arthropoda,NA,Insecta,Neoptera,Diptera,Nematocera,Chironomidae,Chironominae,NA,Polypedilum,NA,NA,gatherer,prey,aquatic,macro,NA,genus,Polypedilum,12,3,3,3,0,0,0,3,1,0,3,1,3,3,1,3,1,0,0,0,1,0,1,3,0,0,0,0,0,1,3,1,0,0,1,0,1,2,0,0,0,3,1,1,3,3,1,0,0,0,0,0,0,0,0,0,0,3,3,1,0,0,0,3,0
3896,Diptera.381,Eukaryota,Animalia,Arthropoda,NA,Insecta,Neoptera,Diptera,Nematocera,Chironomidae,Chironominae,NA,Polypedilum,NA,NA,gatherer,prey,aquatic,macro,NA,genus,Polypedilum,12,3,3,3,0,0,0,3,1,0,3,1,3,3,1,3,1,0,0,0,1,0,1,3,0,0,0,0,0,1,3,1,0,0,1,0,1,2,0,0,0,3,1,1,3,3,1,0,0,0,0,0,0,0,0,0,0,3,3,1,0,0,0,3,0
3556,Diptera.444,Eukaryota,Animalia,Arthropoda,NA,Insecta,Neoptera,Diptera,Nematocera,Ceratopogonidae,Forcipomyiinae,NA,Atrichopogon,NA,NA,gatherer,prey,aquatic,macro,NA,genus,Atrichopogon,12,3,3,3,0,0,0,3,0,0,0,3,3,1,0,3,0,0,0,0,3,0,1,0,0,0,0,0,1,3,0,0,0,0,1,0,1,2,0,0,3,2,1,0,0,3,3,0,0,0,0,3,2,0,0,0,0,0,3,1,0,0,0,3,0
4621,Diptera.461,Eukaryota,Animalia,Arthropoda,NA,Insecta,Neoptera,Diptera,Nematocera,Culicidae,Culicinae,NA,Wyeomyia,forcipenis,NA,filter.feeder,prey,aquatic,macro,NA,species_name,Wyeomyia_forcipenis,13,2,3,3,0,0,3,0,0,0,1,3,3,2,0,3,0,0,0,0,2,0,0,3,0,0,0,3,1,0,0,0,0,0,0,0,3,0,0,1,3,0,0,0,0,0,0,0,3,0,0,0,3,0,0,0,0,0,3,0,0,0,0,3,0
4631,Diptera.462,Eukaryota,Animalia,Arthropoda,NA,Insecta,Neoptera,Diptera,Nematocera,Culicidae,Culicinae,NA,Culex,(Microculex) siphanulatus,NA,filter.feeder,prey,aquatic,macro,NA,species_name,Culex_siphanulatus,13,2,3,3,0,0,3,0,0,0,1,3,3,2,0,3,0,0,0,0,2,0,0,3,0,0,0,0,0,1,3,1,1,0,0,0,3,0,0,2,3,0,0,0,0,0,0,0,3,0,0,0,3,0,0,0,0,0,3,0,0,0,0,3,0
5041,Diptera.469,Eukaryota,Animalia,Arthropoda,NA,Insecta,Neoptera,Diptera,Brachycera,Empididae,NA,NA,NA,NA,NA,piercer,predator,aquatic,macro,NA,family,Empididae,9,0,3,3,0,0,0,3,0,0,0,3,0,0,0,0,0,3,3,2,0,0,0,0,3,2,2,0,0,3,0,0,3,0,0,0,0,3,0,0,0,1,3,0,0,0,3,0,3,0,3,0,0,0,0,0,0,0,3,0,0,0,0,3,0
5201,Diptera.474,Eukaryota,Animalia,Arthropoda,NA,Insecta,Neoptera,Diptera,Brachycera,Muscidae,NA,NA,NA,NA,NA,NA,NA,aquatic,macro,NA,family,Muscidae,9,NA,NA,NA,NA,NA,NA,NA,NA,NA,NA,NA,NA,NA,NA,NA,NA,NA,NA,NA,NA,NA,NA,NA,NA,NA,NA,NA,NA,NA,NA,NA,NA,NA,NA,NA,NA,NA,NA,NA,NA,NA,NA,NA,NA,NA,NA,NA,NA,NA,3,0,0,0,0,0,0,0,3,0,0,0,0,3,0
3616,Diptera.483,Eukaryota,Animalia,Arthropoda,NA,Insecta,Neoptera,Diptera,Nematocera,Ceratopogonidae,NA,NA,NA,NA,NA,NA,NA,aquatic,macro,NA,family,Ceratopogonidae,9,3,3,3,0,1,2,2,0,0,0,3,3,3,0,3,0,0,0,2,3,0,1,0,0,2,0,0,1,2,2,0,0,0,2,0,2,1,0,0,3,2,1,0,0,3,3,0,0,0,2,2,2,0,0,0,0,0,3,1,0,0,0,3,0
4671,Diptera.486,Eukaryota,Animalia,Arthropoda,NA,Insecta,Neoptera,Diptera,Nematocera,Culicidae,NA,NA,NA,NA,NA,filter.feeder,prey,aquatic,macro,NA,family,Culicidae,9,1,3,3,0,0,2,2,1,0,2,3,3,2,0,3,0,0,0,1,2,0,0,3,0,1,0,2,2,1,2,1,1,0,3,0,3,0,0,3,2,0,0,0,0,0,0,0,3,0,0,0,3,0,0,0,0,0,3,1,1,0,0,3,0
3916,Diptera.64,Eukaryota,Animalia,Arthropoda,NA,Insecta,Neoptera,Diptera,Nematocera,Chironomidae,Chironominae,NA,Polypedilum,NA,NA,gatherer,prey,aquatic,macro,NA,genus,Polypedilum,12,3,3,3,0,0,0,3,1,0,3,1,3,3,1,3,1,0,0,0,1,0,1,3,0,0,0,0,0,1,3,1,0,0,1,0,1,2,0,0,0,3,1,1,3,3,1,0,0,0,0,0,0,0,0,0,0,3,3,1,0,0,0,3,0
3921,Diptera.65,Eukaryota,Animalia,Arthropoda,NA,Insecta,Neoptera,Diptera,Nematocera,Chironomidae,Tanypodinae,NA,Larsia,NA,NA,piercer,predator,aquatic,macro,NA,genus,Larsia,12,3,3,3,0,0,1,3,0,0,3,1,1,1,0,1,0,0,1,3,1,0,0,0,3,3,0,0,0,3,1,1,0,0,1,0,1,2,0,0,2,3,0,0,0,3,1,0,0,0,3,0,0,0,0,0,0,0,3,1,0,0,0,3,0
3931,Diptera.67,Eukaryota,Animalia,Arthropoda,NA,Insecta,Neoptera,Diptera,Nematocera,Chironomidae,Chironominae,NA,Tanytarsus,NA,NA,gatherer,prey,aquatic,macro,NA,genus,Tanytarsus,12,3,3,3,0,0,0,3,0,0,3,1,3,3,1,3,0,1,0,0,1,0,1,3,0,0,0,1,0,3,0,0,0,1,1,0,1,2,0,0,0,3,2,0,3,3,1,0,0,0,0,0,0,0,0,0,0,3,3,1,0,0,0,3,0
3961,Diptera.69,Eukaryota,Animalia,Arthropoda,NA,Insecta,Neoptera,Diptera,Nematocera,Chironomidae,Tanypodinae,NA,NA,NA,NA,piercer,predator,aquatic,macro,NA,subfamily,Tanypodinae,10,3,3,3,0,0,1,3,0,0,3,1,1,1,0,1,0,0,1,3,1,0,0,0,3,3,0,0,0,3,1,1,0,0,1,0,1,2,0,0,2,3,0,0,0,3,1,0,0,0,3,0,0,0,0,0,0,0,3,1,0,0,0,3,0
4366,Diptera.86,Eukaryota,Animalia,Arthropoda,NA,Insecta,Neoptera,Diptera,Nematocera,Corethrellidae,Corethrellinae,NA,Corethrella,NA,NA,engulfer,predator,aquatic,macro,NA,genus,Corethrella,12,3,3,3,0,0,3,0,0,0,0,3,0,0,0,0,0,0,0,3,0,0,0,0,0,3,0,3,0,0,0,0,0,0,3,0,0,0,0,1,3,0,0,0,0,0,0,0,3,0,0,0,3,0,0,0,0,0,3,0,0,0,0,3,0
6251,Odonata.3,Eukaryota,Animalia,Arthropoda,NA,Insecta,Palaeoptera,Odonata,Zygoptera,Coenagrionidae,NA,NA,Leptagrion,andromache,NA,engulfer,predator,aquatic,macro,NA,species_name,Leptagrion_andromache,13,2,3,0,0,0,0,0,3,0,0,3,0,0,0,0,0,0,2,3,0,0,0,0,0,3,0,0,0,0,0,3,0,0,0,0,0,3,0,0,1,3,0,0,0,1,3,0,0,0,3,0,0,0,0,0,0,0,0,0,3,0,0,3,0
6331,Oligochaeta.5,Eukaryota,Animalia,Annelida,NA,Clitellata,Oligochaeta,Haplotaxida,Tubificina,Naididae,Naidinae,NA,Dero,(Aulophorus) superterrenus,NA,gatherer,prey,aquatic,macro,NA,species_name,Dero_superterrenus,13,3,3,0,3,0,0,0,3,2,3,0,1,2,0,2,0,0,0,0,3,0,1,0,0,0,0,2,1,0,0,0,0,3,0,3,0,0,0,0,2,0,0,1,0,3,3,0,0,0,2,0,1,0,0,0,0,0,3,1,0,0,0,3,0
5046,Diptera.134,Eukaryota,Animalia,Arthropoda,NA,Insecta,Neoptera,Diptera,Brachycera,Empididae,NA,NA,NA,NA,NA,piercer,predator,aquatic,macro,NA,family,Empididae,9,0,3,3,0,0,0,3,0,0,0,3,0,0,0,0,0,3,3,2,0,0,0,0,3,2,2,0,0,3,0,0,3,0,0,0,0,3,0,0,0,1,3,0,0,0,3,0,3,0,3,0,0,0,0,0,0,0,3,0,0,0,0,3,0
3566,Diptera.45,Eukaryota,Animalia,Arthropoda,NA,Insecta,Neoptera,Diptera,Nematocera,Ceratopogonidae,Ceratopogoninae,NA,Culicoides,NA,NA,piercer,predator,aquatic,macro,NA,genus,Culicoides,12,3,3,3,0,0,0,3,0,0,0,3,2,0,0,0,0,0,0,3,0,0,0,0,0,3,0,0,0,2,2,0,0,0,2,0,2,1,0,0,3,2,3,0,0,3,3,0,0,0,3,0,0,0,0,0,0,0,3,1,0,0,0,3,0
3951,Diptera.452,Eukaryota,Animalia,Arthropoda,NA,Insecta,Neoptera,Diptera,Nematocera,Chironomidae,Orthocladiinae,NA,NA,NA,NA,gatherer,prey,aquatic,macro,NA,subfamily,Orthocladiinae,10,3,3,3,0,0,1,3,0,0,3,1,3,3,1,3,0,0,0,0,2,2,2,2,0,0,0,0,0,2,2,0,0,1,1,0,1,2,0,0,0,3,1,1,1,3,1,0,0,0,2,0,1,0,0,0,0,1,3,1,0,0,0,3,0
4611,Diptera.459,Eukaryota,Animalia,Arthropoda,NA,Insecta,Neoptera,Diptera,Nematocera,Culicidae,Culicinae,NA,Culex,(Microculex) daumasturus,NA,filter.feeder,prey,aquatic,macro,NA,species_name,Culex_daumasturus,13,2,3,3,0,0,3,0,0,0,1,3,3,2,0,3,0,0,0,0,2,0,0,3,0,0,0,0,0,1,3,1,1,0,0,0,3,0,0,2,3,0,0,0,0,0,0,0,3,0,0,0,3,0,0,0,0,0,3,0,0,0,0,3,0
4636,Diptera.463,Eukaryota,Animalia,Arthropoda,NA,Insecta,Neoptera,Diptera,Nematocera,Culicidae,Culicinae,NA,Culex,(Microculex) albipes,NA,filter.feeder,prey,aquatic,macro,NA,species_name,Culex_albipes,13,2,3,3,0,0,3,0,0,0,1,3,3,2,0,3,0,0,0,0,2,0,0,3,0,0,0,0,0,1,3,1,1,0,0,0,3,0,0,2,3,0,0,0,0,0,0,0,3,0,0,0,3,0,0,0,0,0,3,0,0,0,0,3,0
4531,Diptera.465,Eukaryota,Animalia,Arthropoda,NA,Insecta,Neoptera,Diptera,Nematocera,Culicidae,Culicinae,NA,Culex,NA,NA,filter.feeder,prey,aquatic,macro,NA,genus,Culex,12,2,3,3,0,0,3,1,0,0,1,3,3,2,0,3,0,0,0,0,2,0,0,3,0,0,0,0,0,1,3,1,1,0,0,0,3,0,0,2,3,0,0,0,0,0,0,0,3,0,0,0,3,0,0,0,0,0,3,0,0,0,0,3,0
3611,Diptera.482,Eukaryota,Animalia,Arthropoda,NA,Insecta,Neoptera,Diptera,Nematocera,Ceratopogonidae,Forcipomyiinae,NA,Atrichopogon,NA,NA,gatherer,prey,aquatic,macro,NA,genus,Atrichopogon,12,3,3,3,0,0,0,3,0,0,0,3,3,1,0,3,0,0,0,0,3,0,1,0,0,0,0,0,1,3,0,0,0,0,1,0,1,2,0,0,3,2,1,0,0,3,3,0,0,0,0,3,2,0,0,0,0,0,3,1,0,0,0,3,0
3981,Diptera.484,Eukaryota,Animalia,Arthropoda,NA,Insecta,Neoptera,Diptera,Nematocera,Chironomidae,NA,NA,NA,NA,NA,gatherer,prey,aquatic,macro,NA,family,Chironomidae,9,3,3,3,0,0,1,2,1,0,3,1,2,2,1,3,1,1,1,1,1,1,1,2,1,1,0,1,0,2,2,1,0,1,1,0,1,2,0,0,1,3,1,1,2,3,1,0,0,0,1,1,1,0,0,0,0,2,3,1,0,0,0,3,0
5536,Diptera.487,Eukaryota,Animalia,Arthropoda,NA,Insecta,Neoptera,Diptera,Brachycera,Syrphidae,NA,NA,NA,NA,NA,gatherer,prey,NA,macro,NA,family,Syrphidae,9,1,3,2,0,0,1,1,2,3,0,3,3,2,2,2,0,2,0,1,2,1,2,2,0,1,0,0,0,3,0,0,0,0,0,0,1,2,0,1,0,3,1,0,0,0,0,0,3,0,3,1,1,0,0,0,0,0,2,3,0,0,0,1,2
5786,Diptera.488,Eukaryota,Animalia,Arthropoda,NA,Insecta,Neoptera,Diptera,Nematocera,Tipulidae,NA,NA,NA,NA,NA,shredder,prey,aquatic,macro,NA,family,Tipulidae,9,3,3,1,0,0,0,0,3,1,0,3,1,1,3,0,1,0,0,1,1,3,0,0,0,1,0,0,0,3,3,0,0,0,0,0,0,3,0,0,0,1,3,0,0,1,3,0,3,0,3,0,0,0,0,0,0,0,0,3,0,0,0,3,0
6191,Lepidoptera.2,Eukaryota,Animalia,Arthropoda,NA,Insecta,Neoptera,Lepidoptera,NA,NA,NA,NA,NA,NA,NA,NA,NA,aquatic,macro,NA,ord,Lepidoptera,7,3,3,0,0,0,0,0,3,3,0,3,0,0,0,0,3,0,0,0,0,3,0,0,0,0,0,0,3,0,0,0,0,0,0,0,0,3,0,0,0,0,3,0,0,0,0,0,3,0,0,1,2,0,1,0,0,0,NA,NA,NA,0,0,3,0
6196,Lepidoptera.3,Eukaryota,Animalia,Arthropoda,NA,Insecta,Neoptera,Lepidoptera,NA,NA,NA,NA,NA,NA,NA,NA,NA,terrestrial,macro,NA,ord,Lepidoptera,7,3,3,0,0,0,0,0,3,3,0,3,0,0,0,0,3,0,0,0,0,3,0,0,0,0,0,0,3,0,0,0,0,0,0,0,0,3,0,0,0,0,3,0,0,0,0,0,3,0,0,1,2,0,1,0,0,0,NA,NA,NA,0,0,3,0
6216,Lepidoptera.6,Eukaryota,Animalia,Arthropoda,NA,Insecta,Neoptera,Lepidoptera,NA,NA,NA,NA,NA,NA,NA,NA,NA,terrestrial,macro,NA,ord,Lepidoptera,7,3,3,0,0,0,0,0,3,3,0,3,0,0,0,0,3,0,0,0,0,3,0,0,0,0,0,0,3,0,0,0,0,0,0,0,0,3,0,0,0,0,3,0,0,0,0,0,3,0,0,1,2,0,1,0,0,0,NA,NA,NA,0,0,3,0
5066,Coleoptera.18,Eukaryota,Animalia,Arthropoda,NA,Insecta,Neoptera,Coleoptera,Polyphaga,Hydrophilidae,NA,NA,NA,NA,NA,engulfer,predator,aquatic,macro,NA,family,Hydrophilidae,9,3,3,2,2,0,1,1,3,0,0,3,0,0,2,3,2,1,3,1,0,1,0,0,1,3,0,0,0,3,1,0,1,0,0,0,0,3,1,0,3,3,2,0,0,1,1,1,3,0,0,0,0,0,0,3,0,0,0,3,2,0,3,0,0
5606,Coleoptera.60,Eukaryota,Animalia,Arthropoda,NA,Insecta,Neoptera,Coleoptera,Polyphaga,Lampyridae,NA,NA,NA,NA,NA,piercer,predator,aquatic,macro,NA,family,Lampyridae,9,0,3,0,0,0,0,0,3,0,0,3,0,0,0,0,0,0,0,3,0,0,0,0,3,0,0,1,0,0,1,1,1,0,1,0,1,1,0,0,0,3,0,0,0,1,0,0,3,0,0,0,0,1,0,3,0,0,0,3,2,0,3,0,0
3936,Diptera.448,Eukaryota,Animalia,Arthropoda,NA,Insecta,Neoptera,Diptera,Nematocera,Chironomidae,Chironominae,NA,Tanytarsus,NA,NA,gatherer,prey,aquatic,macro,NA,genus,Tanytarsus,12,3,3,3,0,0,0,3,0,0,3,1,3,3,1,3,0,1,0,0,1,0,1,3,0,0,0,1,0,3,0,0,0,1,1,0,1,2,0,0,0,3,2,0,3,3,1,0,0,0,0,0,0,0,0,0,0,3,3,1,0,0,0,3,0
6206,Lepidoptera.4,Eukaryota,Animalia,Arthropoda,NA,Insecta,Neoptera,Lepidoptera,NA,NA,NA,NA,NA,NA,NA,NA,NA,aquatic,macro,NA,ord,Lepidoptera,7,3,3,0,0,0,0,0,3,3,0,3,0,0,0,0,3,0,0,0,0,3,0,0,0,0,0,0,3,0,0,0,0,0,0,0,0,3,0,0,0,0,3,0,0,0,0,0,3,0,0,1,2,0,1,0,0,0,NA,NA,NA,0,0,3,0
5276,Diptera.219,Eukaryota,Animalia,Arthropoda,NA,Insecta,Neoptera,Diptera,Nematocera,Psychodidae,NA,NA,NA,NA,NA,gatherer,prey,aquatic,macro,NA,family,Psychodidae,9,3,3,3,0,0,0,2,2,0,1,3,1,3,2,2,1,1,0,0,3,0,0,0,0,0,0,2,0,0,2,0,0,0,0,0,2,2,0,1,0,2,3,0,0,0,0,0,3,0,0,0,3,0,2,0,0,0,3,0,0,0,0,3,0
3941,Diptera.449,Eukaryota,Animalia,Arthropoda,NA,Insecta,Neoptera,Diptera,Nematocera,Chironomidae,Chironominae,NA,Tanytarsus,NA,NA,gatherer,prey,aquatic,macro,NA,genus,Tanytarsus,12,3,3,3,0,0,0,3,0,0,3,1,3,3,1,3,0,1,0,0,1,0,1,3,0,0,0,1,0,3,0,0,0,1,1,0,1,2,0,0,0,3,2,0,3,3,1,0,0,0,0,0,0,0,0,0,0,3,3,1,0,0,0,3,0
3956,Diptera.453,Eukaryota,Animalia,Arthropoda,NA,Insecta,Neoptera,Diptera,Nematocera,Chironomidae,Orthocladiinae,NA,NA,NA,NA,gatherer,prey,aquatic,macro,NA,subfamily,Orthocladiinae,10,3,3,3,0,0,1,3,0,0,3,1,3,3,1,3,0,0,0,0,2,2,2,2,0,0,0,0,0,2,2,0,0,1,1,0,1,2,0,0,0,3,1,1,1,3,1,0,0,0,2,0,1,0,0,0,0,1,3,1,0,0,0,3,0
4371,Diptera.485,Eukaryota,Animalia,Arthropoda,NA,Insecta,Neoptera,Diptera,Nematocera,Corethrellidae,NA,NA,NA,NA,NA,engulfer,predator,aquatic,macro,NA,family,Corethrellidae,9,3,3,3,0,0,3,0,0,0,0,3,0,0,0,0,0,0,0,3,0,0,0,0,0,3,0,3,0,0,0,0,0,0,3,0,0,0,0,1,3,0,0,0,0,0,0,0,3,0,0,0,3,0,0,0,0,0,3,0,0,0,0,3,0
3881,Diptera.378,Eukaryota,Animalia,Arthropoda,NA,Insecta,Neoptera,Diptera,Nematocera,Chironomidae,Chironominae,NA,Harnischia,NA,NA,gatherer,prey,aquatic,macro,NA,genus,Harnischia,12,3,3,3,0,0,0,3,0,0,3,1,2,3,1,3,0,0,0,0,1,0,1,3,0,0,0,0,0,2,2,0,0,0,1,0,1,2,0,0,0,3,1,0,3,3,1,0,0,0,0,0,0,0,0,0,0,3,3,1,0,0,0,3,0
5521,Diptera.143,Eukaryota,Animalia,Arthropoda,NA,Insecta,Neoptera,Diptera,Brachycera,Syrphidae,NA,NA,NA,NA,NA,gatherer,prey,aquatic,macro,NA,family,Syrphidae,9,1,3,2,0,0,1,1,2,3,0,3,3,2,2,2,0,2,0,1,2,1,2,2,0,1,0,0,0,3,0,0,0,0,0,0,1,2,0,1,0,3,1,0,0,0,0,0,3,0,3,1,1,0,0,0,0,0,2,3,0,0,0,1,2
3876,Diptera.377,Eukaryota,Animalia,Arthropoda,NA,Insecta,Neoptera,Diptera,Nematocera,Chironomidae,Orthocladiinae,NA,NA,NA,NA,gatherer,prey,aquatic,macro,NA,subfamily,Orthocladiinae,10,3,3,3,0,0,1,3,0,0,3,1,3,3,1,3,0,0,0,0,2,2,2,2,0,0,0,0,0,2,2,0,0,1,1,0,1,2,0,0,0,3,1,1,1,3,1,0,0,0,2,0,1,0,0,0,0,1,3,1,0,0,0,3,0
5926,Diptera.476,Eukaryota,Animalia,Arthropoda,NA,Insecta,Neoptera,Diptera,NA,NA,NA,NA,NA,NA,NA,NA,NA,aquatic,macro,NA,ord,Diptera,7,2,3,3,0,1,1,1,1,1,1,3,2,2,1,2,1,1,1,1,1,1,1,2,1,1,1,1,1,1,1,1,1,1,1,1,2,1,0,1,1,1,1,1,1,1,1,0,2,0,1,1,1,1,1,0,0,1,2,1,1,0,0,3,1
5781,Diptera.468,Eukaryota,Animalia,Arthropoda,NA,Insecta,Neoptera,Diptera,Nematocera,Tipulidae,NA,NA,NA,NA,NA,shredder,prey,aquatic,macro,NA,family,Tipulidae,9,3,3,1,0,0,0,0,3,1,0,3,1,1,3,0,1,0,0,1,1,3,0,0,0,1,0,0,0,3,3,0,0,0,0,0,0,3,0,0,0,1,3,0,0,1,3,0,3,0,3,0,0,0,0,0,0,0,0,3,0,0,0,3,0
4996,Diptera.133,Eukaryota,Animalia,Arthropoda,NA,Insecta,Neoptera,Diptera,Brachycera,Dolichopodidae,NA,NA,NA,NA,NA,engulfer,predator,aquatic,macro,NA,family,Dolichopodidae,9,3,3,3,0,0,0,0,3,0,0,3,0,0,0,0,0,3,3,2,0,0,0,0,0,3,0,1,2,1,1,1,0,0,0,3,0,0,0,0,0,3,2,0,0,0,3,0,3,0,3,0,0,0,0,0,0,0,0,3,0,0,0,3,0
5651,Diptera.253,Eukaryota,Animalia,Arthropoda,NA,Insecta,Neoptera,Diptera,Brachycera,Tabanidae,NA,NA,NA,NA,NA,piercer,predator,aquatic,macro,NA,family,Tabanidae,9,3,3,3,0,0,0,0,1,3,0,3,0,1,1,0,0,0,0,3,1,0,0,0,3,0,0,0,0,3,0,0,2,0,0,0,1,3,0,1,0,3,1,0,0,0,0,0,3,0,3,0,0,0,0,0,0,0,0,3,2,0,0,3,0
3866,Diptera.447,Eukaryota,Animalia,Arthropoda,NA,Insecta,Neoptera,Diptera,Nematocera,Chironomidae,NA,NA,NA,NA,NA,gatherer,prey,aquatic,macro,NA,family,Chironomidae,9,3,3,3,0,0,1,2,1,0,3,1,2,2,1,3,1,1,1,1,1,1,1,2,1,1,0,1,0,2,2,1,0,1,1,0,1,2,0,0,1,3,1,1,2,3,1,0,0,0,1,1,1,0,0,0,0,2,3,1,0,0,0,3,0
3596,Diptera.49,Eukaryota,Animalia,Arthropoda,NA,Insecta,Neoptera,Diptera,Nematocera,Ceratopogonidae,Ceratopogoninae,NA,Sphaeromias,NA,NA,piercer,predator,aquatic,macro,NA,genus,Sphaeromias,12,3,3,3,0,0,0,3,0,0,0,3,0,0,0,0,0,0,0,3,0,0,0,0,0,3,0,0,0,2,2,0,0,0,0,0,3,0,0,0,3,2,3,0,0,3,3,0,0,0,3,0,0,0,0,0,0,0,3,1,0,0,0,3,0
3561,Diptera.445,Eukaryota,Animalia,Arthropoda,NA,Insecta,Neoptera,Diptera,Nematocera,Ceratopogonidae,Forcipomyiinae,NA,Atrichopogon,NA,NA,gatherer,prey,aquatic,macro,NA,genus,Atrichopogon,12,3,3,3,0,0,0,3,0,0,0,3,3,1,0,3,0,0,0,0,3,0,1,0,0,0,0,0,1,3,0,0,0,0,1,0,1,2,0,0,3,2,1,0,0,3,3,0,0,0,0,3,2,0,0,0,0,0,3,1,0,0,0,3,0
5101,Diptera.472,Eukaryota,Animalia,Arthropoda,NA,Insecta,Neoptera,Diptera,Brachycera,Ephydridae,NA,NA,NA,NA,NA,gatherer,prey,aquatic,macro,NA,family,Ephydridae,9,2,2,2,0,0,3,0,0,0,0,3,2,3,3,3,3,1,1,0,1,3,0,3,2,0,2,3,0,0,0,0,0,0,0,0,3,0,0,0,0,1,3,0,0,0,0,0,3,0,0,2,2,1,0,0,0,0,3,0,0,0,0,3,0
5246,Diptera.475,Eukaryota,Animalia,Arthropoda,NA,Insecta,Neoptera,Diptera,Brachycera,Phoridae,NA,NA,NA,NA,NA,gatherer,prey,aquatic,macro,NA,family,Phoridae,9,3,3,0,0,3,0,0,0,0,0,3,1,3,3,0,0,3,0,2,3,0,0,0,0,0,2,0,0,3,0,3,0,0,0,0,0,3,0,0,0,1,3,0,0,0,0,0,3,0,3,0,0,0,0,0,0,0,3,0,0,0,0,0,3
4076,Coleoptera.54,Eukaryota,Animalia,Arthropoda,NA,Insecta,Neoptera,Coleoptera,Polyphaga,Curculionidae,NA,NA,NA,NA,NA,NA,NA,aquatic,macro,NA,family,Curculionidae,9,NA,NA,NA,NA,NA,NA,NA,NA,NA,NA,NA,NA,NA,NA,NA,NA,NA,NA,NA,NA,NA,NA,NA,NA,NA,NA,NA,NA,NA,NA,NA,NA,NA,NA,NA,NA,NA,NA,NA,NA,NA,NA,NA,NA,NA,NA,NA,NA,NA,0,0,0,0,0,3,0,0,0,0,3,0,0,0,3
4186,Coleoptera.55,Eukaryota,Animalia,Arthropoda,NA,Insecta,Neoptera,Coleoptera,Adephaga,Dytiscidae,NA,NA,NA,NA,NA,engulfer,predator,aquatic,macro,NA,family,Dytiscidae,9,3,3,0,3,0,3,0,0,0,0,3,0,0,0,0,0,0,3,3,0,0,0,0,0,3,0,1,1,1,1,1,0,0,0,0,0,3,1,1,3,1,0,0,0,1,0,0,3,2,0,0,1,1,0,3,0,0,0,3,2,0,0,3,0
4651,Diptera.373,Eukaryota,Animalia,Arthropoda,NA,Insecta,Neoptera,Diptera,Nematocera,Culicidae,Culicinae,NA,Culex,(Microculex) hedys,NA,filter.feeder,prey,aquatic,macro,NA,species_name,Culex_hedys,13,2,3,3,0,0,3,0,0,0,1,3,3,2,0,3,0,0,0,0,2,0,0,3,0,0,0,0,0,1,3,1,1,0,0,0,3,0,0,2,3,0,0,0,0,0,0,0,3,0,0,0,3,0,0,0,0,0,3,0,0,0,0,3,0
3886,Diptera.379,Eukaryota,Animalia,Arthropoda,NA,Insecta,Neoptera,Diptera,Nematocera,Chironomidae,Chironominae,NA,Polypedilum,NA,NA,gatherer,prey,aquatic,macro,NA,genus,Polypedilum,12,3,3,3,0,0,0,3,1,0,3,1,3,3,1,3,1,0,0,0,1,0,1,3,0,0,0,0,0,1,3,1,0,0,1,0,1,2,0,0,0,3,1,1,3,3,1,0,0,0,0,0,0,0,0,0,0,3,3,1,0,0,0,3,0
5931,Diptera.477,Eukaryota,Animalia,Arthropoda,NA,Insecta,Neoptera,Diptera,NA,NA,NA,NA,NA,NA,NA,NA,NA,aquatic,macro,NA,ord,Diptera,7,2,3,3,0,1,1,1,1,1,1,3,2,2,1,2,1,1,1,1,1,1,1,2,1,1,1,1,1,1,1,1,1,1,1,1,2,1,0,1,1,1,1,1,1,1,1,0,2,0,1,1,1,1,1,0,0,1,2,1,1,0,0,3,1
5526,Diptera.470,Eukaryota,Animalia,Arthropoda,NA,Insecta,Neoptera,Diptera,Brachycera,Syrphidae,NA,NA,NA,NA,NA,gatherer,prey,NA,macro,NA,family,Syrphidae,9,1,3,2,0,0,1,1,2,3,0,3,3,2,2,2,0,2,0,1,2,1,2,2,0,1,0,0,0,3,0,0,0,0,0,0,1,2,0,1,0,3,1,0,0,0,0,0,3,0,3,1,1,0,0,0,0,0,2,3,0,0,0,1,2
3976,Diptera.451,Eukaryota,Animalia,Arthropoda,NA,Insecta,Neoptera,Diptera,Nematocera,Chironomidae,Tanypodinae,NA,NA,NA,NA,piercer,predator,aquatic,macro,NA,subfamily,Tanypodinae,10,3,3,3,0,0,1,3,0,0,3,1,1,1,0,1,0,0,1,3,1,0,0,0,3,3,0,0,0,3,1,1,0,0,1,0,1,2,0,0,2,3,0,0,0,3,1,0,0,0,3,0,0,0,0,0,0,0,3,1,0,0,0,3,0
4791,Coleoptera.14,Eukaryota,Animalia,Arthropoda,NA,Insecta,Neoptera,Coleoptera,Polyphaga,Elmidae,NA,NA,NA,NA,NA,scraper,prey,aquatic,macro,NA,family,Elmidae,9,3,3,0,3,0,0,0,3,0,1,2,3,2,3,2,0,0,0,0,0,0,3,0,0,0,0,2,0,0,2,0,0,0,0,0,0,3,1,1,0,3,0,3,0,0,3,3,3,0,0,0,0,0,0,3,0,0,0,0,3,0,0,3,0
3971,Diptera.450,Eukaryota,Animalia,Arthropoda,NA,Insecta,Neoptera,Diptera,Nematocera,Chironomidae,Tanypodinae,NA,NA,NA,NA,piercer,predator,aquatic,macro,NA,subfamily,Tanypodinae,10,3,3,3,0,0,1,3,0,0,3,1,1,1,0,1,0,0,1,3,1,0,0,0,3,3,0,0,0,3,1,1,0,0,1,0,1,2,0,0,2,3,0,0,0,3,1,0,0,0,3,0,0,0,0,0,0,0,3,1,0,0,0,3,0
6571,Coleoptera.26,Eukaryota,Animalia,Arthropoda,NA,Insecta,Neoptera,Coleoptera,Polyphaga,Scirtidae,NA,NA,NA,NA,NA,scraper,prey,aquatic,macro,NA,family,Scirtidae,9,3,3,0,0,0,0,2,3,0,0,3,3,3,3,0,0,0,0,0,0,2,3,0,0,0,0,0,0,3,1,0,3,0,0,0,0,3,1,0,0,3,0,1,0,1,0,3,3,0,0,0,3,0,0,3,0,0,0,1,3,0,3,0,0
4261,Diptera.177,Eukaryota,Animalia,Arthropoda,NA,Insecta,Neoptera,Diptera,Nematocera,Chironomidae,Tanypodinae,NA,Monopelopia,NA,NA,piercer,predator,aquatic,macro,NA,genus,Monopelopia,12,3,3,3,0,0,0,3,0,0,3,1,1,1,0,1,0,0,1,3,1,0,0,0,3,3,0,0,0,3,1,1,0,0,1,0,1,2,0,0,2,3,0,0,0,3,1,0,0,0,3,0,0,0,0,0,0,0,3,1,0,0,0,3,0
5896,Diptera.292,Eukaryota,Animalia,Arthropoda,NA,Insecta,Neoptera,Diptera,Nematocera,Limoniidae,Limoniinae,NA,Trentepohlia,dominicana,NA,shredder,prey,aquatic,macro,NA,species_name,Trentepohlia_dominicana,13,3,3,1,0,0,0,0,3,0,0,3,0,0,3,0,1,0,0,0,0,3,0,0,0,0,0,0,0,3,3,0,0,0,0,0,0,3,0,0,0,1,3,0,0,1,3,0,3,0,3,0,0,0,0,0,0,0,0,3,0,0,0,3,0
4961,Diptera.301,Eukaryota,Animalia,Arthropoda,NA,Insecta,Neoptera,Diptera,Nematocera,Culicidae,Culicinae,NA,Wyeomyia,NA,NA,filter.feeder,prey,aquatic,macro,NA,genus,Wyeomyia,12,2,3,3,0,0,2,3,0,0,1,3,3,2,0,3,0,0,0,0,2,0,0,3,0,0,0,3,1,0,0,0,0,0,1,0,3,0,0,1,3,0,0,0,0,0,0,0,3,0,0,0,3,0,0,0,0,0,3,0,0,0,0,3,0
4291,Diptera.390,Eukaryota,Animalia,Arthropoda,NA,Insecta,Neoptera,Diptera,Nematocera,Chironomidae,Chironominae,NA,Tanytarsus,bromelicola,NA,gatherer,prey,aquatic,macro,NA,species_name,Tanytarsus_bromelicola,13,3,3,3,0,0,0,3,0,0,3,1,3,3,1,3,0,1,0,0,1,0,1,3,0,0,0,1,0,3,0,0,0,1,1,0,1,2,0,0,0,3,2,0,3,3,1,0,0,0,0,0,0,0,0,0,0,3,3,1,0,0,0,3,0
4976,Diptera.93,Eukaryota,Animalia,Arthropoda,NA,Insecta,Neoptera,Diptera,Nematocera,Culicidae,Culicinae,NA,Culex,antillummagnorum,NA,filter.feeder,prey,aquatic,macro,NA,species_name,Culex_antillummagnorum,13,2,3,3,0,0,0,3,0,0,1,3,3,2,0,3,0,0,0,0,2,0,0,3,0,0,0,0,0,1,3,1,1,0,0,0,3,0,0,2,3,0,0,0,0,0,0,0,3,0,0,0,3,0,0,0,0,0,3,0,0,0,0,3,0
6321,Oligochaeta.8,Eukaryota,Animalia,Annelida,NA,Clitellata,Oligochaeta,Haplotaxida,Tubificina,Enchytraeoidae,NA,NA,NA,NA,NA,gatherer,prey,aquatic,macro,NA,family,Enchytraeoidae,9,3,3,0,3,0,0,0,0,3,3,0,1,2,1,0,0,0,0,0,3,0,0,0,0,0,0,0,0,3,0,0,0,3,0,0,0,3,0,0,1,3,3,0,NA,3,0,0,0,0,3,0,0,0,0,0,0,0,3,1,0,0,0,3,0
6376,Ostracoda.2,Eukaryota,Animalia,Arthropoda,Crustacea,Ostracoda,Podocopa,Podocopida,Cypridocopina,Candonidae,Candoninae,NA,Candonopsis,kingsleyi,NA,scraper,prey,aquatic,macro,NA,species_name,Candonopsis_kingsleyi,13,3,3,0,3,3,0,0,0,0,3,0,2,3,1,2,0,0,1,0,3,0,0,0,0,0,3,3,3,0,0,0,0,0,0,0,0,3,0,0,3,3,0,3,0,3,0,0,0,0,0,0,0,0,0,0,3,0,0,3,2,0,0,0,3
6396,Ostracoda.7,Eukaryota,Animalia,Arthropoda,Crustacea,Ostracoda,Podocopa,Podocopida,Cytherocopina,Limnocytheridae,Timiriaseviinae,NA,Elpidium,maracaoensis,NA,scraper,prey,aquatic,macro,NA,species_name,Elpidium_maracaoensis,13,3,3,0,3,3,0,0,0,0,3,0,0,3,3,0,1,3,1,0,3,1,0,3,0,1,3,3,3,0,0,0,0,0,0,0,0,3,0,0,3,3,0,3,0,3,0,0,0,0,0,0,0,0,0,0,3,0,0,0,3,0,0,0,3
6451,Platyhelminthes.5,Eukaryota,Animalia,Platyhelminthes,NA,NA,NA,NA,NA,NA,NA,NA,NA,NA,NA,engulfer,predator,aquatic,macro,NA,phylum,Platyhelminthes,3,0,0,0,3,3,0,0,1,0,1,2,1,0,0,0,0,1,3,3,0,0,0,0,0,3,1,0,0,0,0,0,0,3,0,0,0,3,0,0,1,3,1,0,0,3,0,0,0,0,3,0,0,0,0,0,0,0,NA,NA,NA,2,2,0,0
5451,Diptera.392,Eukaryota,Animalia,Arthropoda,NA,Insecta,Neoptera,Diptera,Brachycera,Sphaeroceridae,NA,NA,NA,NA,NA,gatherer,prey,aquatic,macro,NA,family,Sphaeroceridae,9,2,3,2,0,0,0,3,0,0,2,2,0,2,2,0,0,2,0,0,2,0,0,0,1,0,0,1,1,1,1,1,1,0,0,0,0,3,0,0,0,2,2,0,0,0,0,0,3,0,3,0,0,0,0,0,0,0,3,0,0,0,0,0,3
4971,Diptera.398,Eukaryota,Animalia,Arthropoda,NA,Insecta,Neoptera,Diptera,Nematocera,Culicidae,Culicinae,NA,Toxorhynchites,portoricensis,NA,engulfer,predator,aquatic,macro,NA,species_name,Toxorhynchites_portoricensis,13,3,3,3,0,0,0,0,3,0,0,3,0,0,0,0,0,0,0,3,0,0,0,0,0,3,0,3,0,0,0,0,0,0,0,0,3,0,0,3,1,0,0,0,0,0,0,0,3,0,0,0,3,0,0,0,0,0,0,3,1,0,0,3,0
6521,Coleoptera.31,Eukaryota,Animalia,Arthropoda,NA,Insecta,Neoptera,Coleoptera,Polyphaga,Scirtidae,NA,NA,NA,NA,NA,scraper,prey,aquatic,macro,NA,family,Scirtidae,9,3,3,0,0,0,0,2,3,0,0,3,3,3,3,0,0,0,0,0,0,2,3,0,0,0,0,0,0,3,1,0,3,0,0,0,0,3,1,0,0,3,0,1,0,1,0,3,3,0,0,0,3,0,0,3,0,0,0,1,3,0,3,0,0
4111,Diptera.203,Eukaryota,Animalia,Arthropoda,NA,Insecta,Neoptera,Diptera,Nematocera,Chironomidae,Chironominae,NA,Polypedilum,NA,NA,gatherer,prey,aquatic,macro,NA,genus,Polypedilum,12,3,3,3,0,0,0,3,1,0,3,1,3,3,1,3,1,0,0,0,1,0,1,3,0,0,0,0,0,1,3,1,0,0,1,0,1,2,0,0,0,3,1,1,3,3,1,0,0,0,0,0,0,0,0,0,0,3,3,1,0,0,0,3,0
5816,Diptera.269,Eukaryota,Animalia,Arthropoda,NA,Insecta,Neoptera,Diptera,Nematocera,Limoniidae,Limoniinae,NA,Trentepohlia,NA,NA,shredder,prey,aquatic,macro,NA,genus,Trentepohlia,12,3,3,1,0,0,0,0,3,1,0,3,0,0,3,0,1,0,0,0,0,3,0,0,0,0,0,0,0,3,3,0,0,0,0,0,0,3,0,0,0,1,3,0,0,1,3,0,3,0,3,0,0,0,0,0,0,0,0,3,0,0,0,3,0
3671,Diptera.40,Eukaryota,Animalia,Arthropoda,NA,Insecta,Neoptera,Diptera,Nematocera,Ceratopogonidae,NA,NA,NA,NA,NA,gatherer,prey,aquatic,macro,NA,family,Ceratopogonidae,9,3,3,3,0,1,2,2,0,0,0,3,3,3,0,3,0,0,0,2,3,0,1,0,0,2,0,0,1,2,2,0,0,0,2,0,2,1,0,0,3,2,1,0,0,3,3,0,0,0,2,2,2,0,0,0,0,0,3,1,0,0,0,3,0
3681,Diptera.41,Eukaryota,Animalia,Arthropoda,NA,Insecta,Neoptera,Diptera,Nematocera,Ceratopogonidae,NA,NA,NA,NA,NA,gatherer,prey,aquatic,macro,NA,family,Ceratopogonidae,9,3,3,3,0,1,2,2,0,0,0,3,3,3,0,3,0,0,0,2,3,0,1,0,0,2,0,0,1,2,2,0,0,0,2,0,2,1,0,0,3,2,1,0,0,3,3,0,0,0,2,2,2,0,0,0,0,0,3,1,0,0,0,3,0
5361,Diptera.209,Eukaryota,Animalia,Arthropoda,NA,Insecta,Neoptera,Diptera,Nematocera,Psychodidae,Psychodinae,NA,Pericoma,NA,NA,gatherer,prey,aquatic,macro,NA,genus,Pericoma,12,3,3,3,0,0,0,3,0,0,1,3,1,3,2,2,1,1,0,0,3,0,0,0,0,0,0,2,0,0,2,0,0,0,0,0,2,2,0,1,0,2,3,0,0,0,0,0,3,0,0,0,3,0,2,0,0,0,3,0,0,0,0,3,0
4126,Diptera.55,Eukaryota,Animalia,Arthropoda,NA,Insecta,Neoptera,Diptera,Nematocera,Chironomidae,NA,NA,NA,NA,NA,gatherer,prey,aquatic,macro,NA,family,Chironomidae,9,3,3,3,0,0,1,2,1,0,3,1,2,2,1,3,1,1,1,1,1,1,1,2,1,1,0,1,0,2,2,1,0,1,1,0,1,2,0,0,1,3,1,1,2,3,1,0,0,0,1,1,1,0,0,0,0,2,3,1,0,0,0,3,0
5021,Diptera.124,Eukaryota,Animalia,Arthropoda,NA,Insecta,Neoptera,Diptera,Brachycera,Dolichopodidae,NA,NA,NA,NA,NA,engulfer,predator,aquatic,macro,NA,family,Dolichopodidae,9,3,3,3,0,0,0,0,3,0,0,3,0,0,0,0,0,3,3,2,0,0,0,0,0,3,0,1,2,1,1,1,0,0,0,3,0,0,0,0,0,3,2,0,0,0,3,0,3,0,3,0,0,0,0,0,0,0,0,3,0,0,0,3,0
3676,Diptera.407,Eukaryota,Animalia,Arthropoda,NA,Insecta,Neoptera,Diptera,Nematocera,Ceratopogonidae,NA,NA,NA,NA,NA,NA,NA,aquatic,macro,NA,family,Ceratopogonidae,9,3,3,3,0,1,2,2,0,0,0,3,3,3,0,3,0,0,0,2,3,0,1,0,0,2,0,0,1,2,2,0,0,0,2,0,2,1,0,0,3,2,1,0,0,3,3,0,0,0,2,2,2,0,0,0,0,0,3,1,0,0,0,3,0
5156,Diptera.136,Eukaryota,Animalia,Arthropoda,NA,Insecta,Neoptera,Diptera,Nematocera,Cecidomyiidae,NA,NA,NA,NA,NA,piercer,prey,aquatic,macro,NA,family,Cecidomyiidae,9,1,3,1,0,0,3,0,0,0,1,3,0,0,0,0,3,0,0,0,0,0,0,0,3,0,0,0,0,1,0,0,1,0,0,0,0,3,0,0,0,3,2,0,0,1,0,0,3,0,3,0,0,0,0,0,0,0,3,0,0,0,0,0,3
4771,Diptera.296,Eukaryota,Animalia,Arthropoda,NA,Insecta,Neoptera,Diptera,Nematocera,Culicidae,Culicinae,NA,Wyeomyia,abebela,NA,filter.feeder,prey,aquatic,macro,NA,species_name,Wyeomyia_abebela,13,2,3,3,0,0,3,0,0,0,1,3,3,2,0,3,0,0,0,0,2,0,0,3,0,0,0,3,1,0,0,0,0,0,0,0,3,0,0,1,3,0,0,0,0,0,0,0,3,0,0,0,3,0,0,0,0,0,3,0,0,0,0,3,0
3666,Diptera.39,Eukaryota,Animalia,Arthropoda,NA,Insecta,Neoptera,Diptera,Nematocera,Ceratopogonidae,NA,NA,NA,NA,NA,gatherer,prey,aquatic,macro,NA,family,Ceratopogonidae,9,3,3,3,0,1,2,2,0,0,0,3,3,3,0,3,0,0,0,2,3,0,1,0,0,2,0,0,1,2,2,0,0,0,2,0,2,1,0,0,3,2,1,0,0,3,3,0,0,0,2,2,2,0,0,0,0,0,3,1,0,0,0,3,0
4801,Diptera.96,Eukaryota,Animalia,Arthropoda,NA,Insecta,Neoptera,Diptera,Nematocera,Culicidae,Culicinae,NA,Culex,daumastocampa,NA,filter.feeder,prey,aquatic,macro,NA,species_name,Culex_daumastocampa,13,2,3,3,0,0,3,0,0,0,1,3,3,2,0,3,0,0,0,0,2,0,0,3,0,0,0,0,0,1,3,1,1,0,0,0,3,0,0,2,3,0,0,0,0,0,0,0,3,0,0,0,3,0,0,0,0,0,3,0,0,0,0,3,0
5281,Coleoptera.49,Eukaryota,Animalia,Arthropoda,NA,Insecta,Neoptera,Coleoptera,Polyphaga,Hydrophilidae,NA,NA,NA,NA,NA,engulfer,predator,aquatic,macro,NA,family,Hydrophilidae,9,3,3,2,2,0,1,1,3,0,0,3,0,0,2,3,2,1,3,1,0,1,0,0,1,3,0,0,0,3,1,0,1,0,0,0,0,3,1,0,3,3,2,0,0,1,1,1,3,0,0,0,0,0,0,3,0,0,0,3,2,0,3,0,0
6681,Diptera.122,Eukaryota,Animalia,Arthropoda,NA,Insecta,Neoptera,Diptera,NA,NA,NA,NA,NA,NA,NA,NA,NA,aquatic,macro,NA,ord,Diptera,7,2,3,3,0,1,1,1,1,1,1,3,2,2,1,2,1,1,1,1,1,1,1,2,1,1,1,1,1,1,1,1,1,1,1,1,2,1,0,1,1,1,1,1,1,1,1,0,2,0,1,1,1,1,1,0,0,1,2,1,1,0,0,3,1
5611,Diptera.243,Eukaryota,Animalia,Arthropoda,NA,Insecta,Neoptera,Diptera,Brachycera,Syrphidae,NA,NA,NA,NA,NA,gatherer,prey,aquatic,macro,NA,family,Syrphidae,9,1,3,2,0,0,1,1,2,3,0,3,3,2,2,2,0,2,0,1,2,1,2,2,0,1,0,0,0,3,0,0,0,0,0,0,1,2,0,1,0,3,1,0,0,0,0,0,3,0,3,1,1,0,0,0,0,0,2,3,0,0,0,1,2
6686,Diptera.311,Eukaryota,Animalia,Arthropoda,NA,Insecta,Neoptera,Diptera,NA,NA,NA,NA,NA,NA,NA,NA,NA,aquatic,macro,NA,ord,Diptera,7,2,3,3,0,1,1,1,1,1,1,3,2,2,1,2,1,1,1,1,1,1,1,2,1,1,1,1,1,1,1,1,1,1,1,1,2,1,0,1,1,1,1,1,1,1,1,0,2,0,1,1,1,1,1,0,0,1,2,1,1,0,0,3,1
5706,Diptera.237,Eukaryota,Animalia,Arthropoda,NA,Insecta,Neoptera,Diptera,Brachycera,Tabanidae,Tabaninae,NA,Stibasoma,fulvohirtum,NA,piercer,predator,aquatic,macro,NA,species_name,Stibasoma_fulvohirtum,13,1,2,0,0,0,0,0,0,3,0,3,0,1,1,0,0,0,0,3,1,0,0,0,3,0,0,0,0,3,0,0,2,0,0,0,1,3,0,1,0,3,1,0,0,0,0,0,3,0,3,0,0,0,0,0,0,0,0,3,2,0,0,3,0
6281,Odonata.4,Eukaryota,Animalia,Arthropoda,NA,Insecta,Palaeoptera,Odonata,Zigoptera,Pseudostigmatidae,NA,NA,Mecistogaster,modesta,NA,engulfer,predator,aquatic,macro,NA,species_name,Mecistogaster_modesta,13,3,3,0,0,0,0,0,0,3,0,3,0,0,0,0,0,0,3,3,0,0,0,0,0,3,0,0,0,3,1,0,0,0,0,0,0,3,0,0,2,3,0,0,0,0,3,0,0,0,3,0,0,0,0,0,0,0,0,0,3,0,0,3,0
5236,Diptera.196,Eukaryota,Animalia,Arthropoda,NA,Insecta,Neoptera,Diptera,Brachycera,Periscelididae,NA,NA,NA,NA,NA,engulfer,predator,aquatic,macro,NA,family,Periscelididae,9,2,2,0,0,0,0,3,0,0,1,3,0,0,0,0,0,1,0,3,0,0,0,0,0,3,0,0,3,0,0,0,0,0,0,0,0,0,0,0,0,3,0,0,0,0,0,0,3,0,3,0,0,0,0,0,0,0,3,0,0,0,0,3,0
6671,Diptera.120,Eukaryota,Animalia,Arthropoda,NA,Insecta,Neoptera,Diptera,NA,NA,NA,NA,NA,NA,NA,NA,NA,aquatic,macro,NA,ord,Diptera,7,2,3,3,0,1,1,1,1,1,1,3,2,2,1,2,1,1,1,1,1,1,1,2,1,1,1,1,1,1,1,1,1,1,1,1,2,1,0,1,1,1,1,1,1,1,1,0,2,0,1,1,1,1,1,0,0,1,2,1,1,0,0,3,1
4781,Diptera.298,Eukaryota,Animalia,Arthropoda,NA,Insecta,Neoptera,Diptera,Nematocera,Culicidae,Culicinae,NA,Wyeomyia,melanopus,NA,filter.feeder,prey,aquatic,macro,NA,species_name,Wyeomyia_melanopus,13,2,3,3,0,0,0,3,0,0,1,3,3,2,0,3,0,0,0,0,2,0,0,3,0,0,0,3,1,0,0,0,0,0,0,0,3,0,0,1,3,0,0,0,0,0,0,0,3,0,0,0,3,0,0,0,0,0,3,0,0,0,0,3,0
6541,Diptera.401,Eukaryota,Animalia,Arthropoda,NA,Insecta,Neoptera,Diptera,Nematocera,Chironomidae,Orthocladiinae,NA,NA,NA,NA,gatherer,prey,aquatic,macro,NA,subfamily,Orthocladiinae,10,3,3,3,0,0,1,3,0,0,3,1,3,3,1,3,0,0,0,0,2,2,2,2,0,0,0,0,0,2,2,0,0,1,1,0,1,2,0,0,0,3,1,1,1,3,1,0,0,0,2,0,1,0,0,0,0,1,3,1,0,0,0,3,0
6701,Diptera.405,Eukaryota,Animalia,Arthropoda,NA,Insecta,Neoptera,Diptera,Nematocera,Ceratopogonidae,Dasyheleniae,NA,NA,NA,NA,NA,NA,aquatic,macro,NA,subfamily,Dasyheleniae,10,3,3,3,0,0,0,3,0,0,0,3,3,3,0,3,0,0,0,0,3,0,0,0,0,0,0,0,0,2,2,0,0,0,2,0,3,0,0,0,0,3,1,0,0,1,3,0,0,0,0,0,3,0,0,0,0,0,3,1,0,0,0,3,0
4146,Diptera.81,Eukaryota,Animalia,Arthropoda,NA,Insecta,Neoptera,Diptera,Nematocera,Chironomidae,Chironominae,NA,Chironomus,NA,NA,gatherer,prey,aquatic,macro,NA,genus,Chironomus,12,3,3,3,0,0,0,0,3,0,3,1,2,3,1,3,0,0,0,0,1,0,1,3,0,0,0,0,0,2,2,0,0,0,1,0,1,2,0,0,0,3,1,0,3,3,3,0,0,0,0,3,0,0,0,0,0,3,3,1,0,0,0,3,0
6156,Hirudinea.1,Eukaryota,Animalia,Annelida,NA,Clitellata,Hirudinea,NA,NA,NA,NA,NA,NA,NA,NA,engulfer,predator,aquatic,macro,NA,subclass,Hirudinea,6,3,3,0,3,0,0,0,0,3,2,1,0,0,0,0,0,0,0,3,0,0,0,0,0,3,0,0,0,3,0,0,0,0,0,3,0,0,0,0,3,3,0,0,0,3,0,0,0,0,3,0,0,0,0,0,0,0,0,3,0,2,2,0,0
6656,Diptera.118,Eukaryota,Animalia,Annelida,NA,Clitellata,Oligochaeta,NA,NA,NA,NA,NA,NA,NA,NA,NA,NA,aquatic,macro,NA,subclass,Oligochaeta,6,3,3,0,3,1,0,1,1,1,3,0,1,2,1,2,0,0,0,0,3,0,1,0,0,0,0,2,1,1,0,0,0,3,0,3,0,1,0,0,2,1,1,1,0,3,2,0,0,0,2,0,1,0,0,0,0,0,3,1,0,0,0,3,0
6661,Diptera.119,Eukaryota,Animalia,Arthropoda,NA,Insecta,Neoptera,Diptera,NA,NA,NA,NA,NA,NA,NA,NA,NA,aquatic,macro,NA,ord,Diptera,7,2,3,3,0,1,1,1,1,1,1,3,2,2,1,2,1,1,1,1,1,1,1,2,1,1,1,1,1,1,1,1,1,1,1,1,2,1,0,1,1,1,1,1,1,1,1,0,2,0,1,1,1,1,1,0,0,1,2,1,1,0,0,3,1
6691,Diptera.312,Eukaryota,Animalia,Arthropoda,NA,Insecta,Neoptera,Diptera,Nematocera,Ceratopogonidae,NA,NA,NA,NA,NA,NA,NA,aquatic,macro,NA,family,Ceratopogonidae,9,3,3,3,0,1,2,2,0,0,0,3,3,3,0,3,0,0,0,2,3,0,1,0,0,2,0,0,1,2,2,0,0,0,2,0,2,1,0,0,3,2,1,0,0,3,3,0,0,0,2,2,2,0,0,0,0,0,3,1,0,0,0,3,0
6706,Diptera.406,Eukaryota,Animalia,Arthropoda,NA,Insecta,Neoptera,Diptera,NA,NA,NA,NA,NA,NA,NA,NA,NA,aquatic,macro,NA,ord,Diptera,7,2,3,3,0,1,1,1,1,1,1,3,2,2,1,2,1,1,1,1,1,1,1,2,1,1,1,1,1,1,1,1,1,1,1,1,2,1,0,1,1,1,1,1,1,1,1,0,2,0,1,1,1,1,1,0,0,1,2,1,1,0,0,3,1
4811,Diptera.98,Eukaryota,Animalia,Arthropoda,NA,Insecta,Neoptera,Diptera,Nematocera,Culicidae,Culicinae,NA,Culex,rejector,NA,filter.feeder,prey,aquatic,macro,NA,species_name,Culex_rejector,13,2,3,3,0,0,3,0,0,0,1,3,3,2,0,3,0,0,0,0,2,0,0,3,0,0,0,0,0,1,3,1,1,0,0,0,3,0,0,2,3,0,0,0,0,0,0,0,3,0,0,0,3,0,0,0,0,0,3,0,0,0,0,3,0
5851,Diptera.400,Eukaryota,Animalia,Arthropoda,NA,Insecta,Neoptera,Diptera,Nematocera,Tipulidae,NA,NA,NA,NA,NA,shredder,prey,aquatic,macro,NA,family,Tipulidae,9,3,3,1,0,0,0,0,3,1,0,3,1,1,3,0,1,0,0,1,1,3,0,0,0,1,0,0,0,3,3,0,0,0,0,0,0,3,0,0,0,1,3,0,0,1,3,0,3,0,3,0,0,0,0,0,0,0,0,3,0,0,0,3,0
